# bin_left_ns bin_right_ns counts
102.3514 103.0084 44
103.0084 103.6654 165
103.6654 104.3224 262
104.3224 104.9794 238
104.9794 105.6363 240
105.6363 106.2933 184
106.2933 106.9503 192
106.9503 107.6073 152
107.6073 108.2643 138
108.2643 108.9213 111
108.9213 109.5782 115
109.5782 110.2352 107
110.2352 110.8922 94
110.8922 111.5492 86
111.5492 112.2062 80
112.2062 112.8632 62
112.8632 113.5201 54
113.5201 114.1771 44
114.1771 114.8341 54
114.8341 115.4911 55
115.4911 116.1481 40
116.1481 116.8051 38
116.8051 117.4620 31
117.4620 118.1190 27
118.1190 118.7760 32
118.7760 119.4330 39
119.4330 120.0900 32
120.0900 120.7470 34
120.7470 121.4039 26
121.4039 122.0609 17
122.0609 122.7179 21
122.7179 123.3749 22
123.3749 124.0319 20
124.0319 124.6889 18
124.6889 125.3458 24
125.3458 126.0028 15
126.0028 126.6598 15
126.6598 127.3168 14
127.3168 127.9738 15
127.9738 128.6308 14
128.6308 129.2878 12
129.2878 129.9447 11
129.9447 130.6017 13
130.6017 131.2587 15
131.2587 131.9157 13
131.9157 132.5727 11
132.5727 133.2297 9
133.2297 133.8866 11
133.8866 134.5436 14
134.5436 135.2006 6
135.2006 135.8576 6
135.8576 136.5146 4
136.5146 137.1716 8
137.1716 137.8285 9
137.8285 138.4855 9
138.4855 139.1425 9
139.1425 139.7995 9
139.7995 140.4565 7
140.4565 141.1135 6
141.1135 141.7704 8
141.7704 142.4274 5
142.4274 143.0844 9
143.0844 143.7414 6
143.7414 144.3984 6
144.3984 145.0554 3
145.0554 145.7123 5
145.7123 146.3693 9
146.3693 147.0263 5
147.0263 147.6833 4
147.6833 148.3403 4
148.3403 148.9973 5
148.9973 149.6542 3
149.6542 150.3112 4
150.3112 150.9682 5
150.9682 151.6252 3
151.6252 152.2822 4
152.2822 152.9392 7
152.9392 153.5962 1
153.5962 154.2531 9
154.2531 154.9101 8
154.9101 155.5671 7
155.5671 156.2241 4
156.2241 156.8811 0
156.8811 157.5381 5
157.5381 158.1950 1
158.1950 158.8520 4
158.8520 159.5090 2
159.5090 160.1660 6
160.1660 160.8230 1
160.8230 161.4800 3
161.4800 162.1369 2
162.1369 162.7939 3
162.7939 163.4509 2
163.4509 164.1079 1
164.1079 164.7649 2
164.7649 165.4219 2
165.4219 166.0788 4
166.0788 166.7358 4
166.7358 167.3928 5
167.3928 168.0498 1
168.0498 168.7068 4
168.7068 169.3638 3
169.3638 170.0207 1
170.0207 170.6777 2
170.6777 171.3347 1
171.3347 171.9917 2
171.9917 172.6487 3
172.6487 173.3057 3
173.3057 173.9626 1
173.9626 174.6196 7
174.6196 175.2766 4
175.2766 175.9336 5
175.9336 176.5906 3
176.5906 177.2476 2
177.2476 177.9046 1
177.9046 178.5615 0
178.5615 179.2185 5
179.2185 179.8755 5
179.8755 180.5325 1
180.5325 181.1895 3
181.1895 181.8465 1
181.8465 182.5034 0
182.5034 183.1604 3
183.1604 183.8174 2
183.8174 184.4744 4
184.4744 185.1314 2
185.1314 185.7884 2
185.7884 186.4453 1
186.4453 187.1023 4
187.1023 187.7593 3
187.7593 188.4163 4
188.4163 189.0733 2
189.0733 189.7303 2
189.7303 190.3872 2
190.3872 191.0442 3
191.0442 191.7012 2
191.7012 192.3582 4
192.3582 193.0152 0
193.0152 193.6722 3
193.6722 194.3291 2
194.3291 194.9861 0
194.9861 195.6431 5
195.6431 196.3001 0
196.3001 196.9571 2
196.9571 197.6141 0
197.6141 198.2710 0
198.2710 198.9280 1
198.9280 199.5850 2
199.5850 200.2420 2
200.2420 200.8990 2
200.8990 201.5560 0
201.5560 202.2130 3
202.2130 202.8699 2
202.8699 203.5269 5
203.5269 204.1839 1
204.1839 204.8409 4
204.8409 205.4979 0
205.4979 206.1549 3
206.1549 206.8118 4
206.8118 207.4688 4
207.4688 208.1258 0
208.1258 208.7828 3
208.7828 209.4398 3
209.4398 210.0968 0
210.0968 210.7537 2
210.7537 211.4107 0
211.4107 212.0677 1
212.0677 212.7247 5
212.7247 213.3817 4
213.3817 214.0387 3
214.0387 214.6956 0
214.6956 215.3526 0
215.3526 216.0096 3
216.0096 216.6666 4
216.6666 217.3236 3
217.3236 217.9806 2
217.9806 218.6375 1
218.6375 219.2945 5
219.2945 219.9515 1
219.9515 220.6085 2
220.6085 221.2655 0
221.2655 221.9225 1
221.9225 222.5794 1
222.5794 223.2364 5
223.2364 223.8934 0
223.8934 224.5504 3
224.5504 225.2074 1
225.2074 225.8644 1
225.8644 226.5213 1
226.5213 227.1783 2
227.1783 227.8353 1
227.8353 228.4923 0
228.4923 229.1493 3
229.1493 229.8063 2
229.8063 230.4633 3
230.4633 231.1202 0
231.1202 231.7772 0
231.7772 232.4342 0
232.4342 233.0912 0
233.0912 233.7482 1
233.7482 234.4052 1
234.4052 235.0621 0
235.0621 235.7191 0
235.7191 236.3761 0
236.3761 237.0331 2
237.0331 237.6901 3
237.6901 238.3471 0
238.3471 239.0040 1
239.0040 239.6610 0
239.6610 240.3180 2
240.3180 240.9750 1
240.9750 241.6320 0
241.6320 242.2890 1
242.2890 242.9459 0
242.9459 243.6029 1
243.6029 244.2599 2
244.2599 244.9169 1
244.9169 245.5739 0
245.5739 246.2309 2
246.2309 246.8878 0
246.8878 247.5448 3
247.5448 248.2018 1
248.2018 248.8588 0
248.8588 249.5158 0
249.5158 250.1728 1
250.1728 250.8297 1
250.8297 251.4867 1
251.4867 252.1437 2
252.1437 252.8007 0
252.8007 253.4577 1
253.4577 254.1147 2
254.1147 254.7717 3
254.7717 255.4286 1
255.4286 256.0856 1
256.0856 256.7426 0
256.7426 257.3996 0
257.3996 258.0566 1
258.0566 258.7136 0
258.7136 259.3705 0
259.3705 260.0275 2
260.0275 260.6845 1
260.6845 261.3415 1
261.3415 261.9985 0
261.9985 262.6555 0
262.6555 263.3124 1
263.3124 263.9694 1
263.9694 264.6264 1
264.6264 265.2834 0
265.2834 265.9404 0
265.9404 266.5974 0
266.5974 267.2543 1
267.2543 267.9113 2
267.9113 268.5683 1
268.5683 269.2253 1
269.2253 269.8823 1
269.8823 270.5393 0
270.5393 271.1962 2
271.1962 271.8532 2
271.8532 272.5102 0
272.5102 273.1672 1
273.1672 273.8242 2
273.8242 274.4812 0
274.4812 275.1381 2
275.1381 275.7951 1
275.7951 276.4521 0
276.4521 277.1091 0
277.1091 277.7661 2
277.7661 278.4231 1
278.4231 279.0801 2
279.0801 279.7370 0
279.7370 280.3940 1
280.3940 281.0510 1
281.0510 281.7080 0
281.7080 282.3650 0
282.3650 283.0220 2
283.0220 283.6789 0
283.6789 284.3359 0
284.3359 284.9929 0
284.9929 285.6499 0
285.6499 286.3069 1
286.3069 286.9639 1
286.9639 287.6208 1
287.6208 288.2778 0
288.2778 288.9348 0
288.9348 289.5918 3
289.5918 290.2488 2
290.2488 290.9058 2
290.9058 291.5627 1
291.5627 292.2197 2
292.2197 292.8767 1
292.8767 293.5337 1
293.5337 294.1907 1
294.1907 294.8477 1
294.8477 295.5046 0
295.5046 296.1616 1
296.1616 296.8186 0
296.8186 297.4756 0
297.4756 298.1326 1
298.1326 298.7896 2
298.7896 299.4465 2
299.4465 300.1035 2
300.1035 300.7605 0
300.7605 301.4175 0
301.4175 302.0745 2
302.0745 302.7315 0
302.7315 303.3885 1
303.3885 304.0454 0
304.0454 304.7024 1
304.7024 305.3594 0
305.3594 306.0164 1
306.0164 306.6734 0
306.6734 307.3304 1
307.3304 307.9873 0
307.9873 308.6443 0
308.6443 309.3013 0
309.3013 309.9583 2
309.9583 310.6153 0
310.6153 311.2723 1
311.2723 311.9292 0
311.9292 312.5862 1
312.5862 313.2432 0
313.2432 313.9002 3
313.9002 314.5572 0
314.5572 315.2142 0
315.2142 315.8711 0
315.8711 316.5281 2
316.5281 317.1851 0
317.1851 317.8421 1
317.8421 318.4991 1
318.4991 319.1561 1
319.1561 319.8130 0
319.8130 320.4700 0
320.4700 321.1270 1
321.1270 321.7840 1
321.7840 322.4410 0
322.4410 323.0980 0
323.0980 323.7549 2
323.7549 324.4119 2
324.4119 325.0689 0
325.0689 325.7259 1
325.7259 326.3829 0
326.3829 327.0399 1
327.0399 327.6969 2
327.6969 328.3538 0
328.3538 329.0108 0
329.0108 329.6678 0
329.6678 330.3248 1
330.3248 330.9818 0
330.9818 331.6388 1
331.6388 332.2957 0
332.2957 332.9527 1
332.9527 333.6097 0
333.6097 334.2667 1
334.2667 334.9237 1
334.9237 335.5807 0
335.5807 336.2376 1
336.2376 336.8946 0
336.8946 337.5516 1
337.5516 338.2086 1
338.2086 338.8656 0
338.8656 339.5226 0
339.5226 340.1795 1
340.1795 340.8365 0
340.8365 341.4935 1
341.4935 342.1505 1
342.1505 342.8075 0
342.8075 343.4645 0
343.4645 344.1214 1
344.1214 344.7784 0
344.7784 345.4354 1
345.4354 346.0924 1
346.0924 346.7494 0
346.7494 347.4064 0
347.4064 348.0633 0
348.0633 348.7203 0
348.7203 349.3773 0
349.3773 350.0343 1
350.0343 350.6913 1
350.6913 351.3483 1
351.3483 352.0052 0
352.0052 352.6622 0
352.6622 353.3192 0
353.3192 353.9762 0
353.9762 354.6332 2
354.6332 355.2902 2
355.2902 355.9472 0
355.9472 356.6041 0
356.6041 357.2611 0
357.2611 357.9181 0
357.9181 358.5751 0
358.5751 359.2321 0
359.2321 359.8891 1
359.8891 360.5460 0
360.5460 361.2030 0
361.2030 361.8600 0
361.8600 362.5170 0
362.5170 363.1740 0
363.1740 363.8310 0
363.8310 364.4879 1
364.4879 365.1449 0
365.1449 365.8019 0
365.8019 366.4589 1
366.4589 367.1159 0
367.1159 367.7729 2
367.7729 368.4298 0
368.4298 369.0868 1
369.0868 369.7438 0
369.7438 370.4008 1
370.4008 371.0578 1
371.0578 371.7148 2
371.7148 372.3717 2
372.3717 373.0287 0
373.0287 373.6857 1
373.6857 374.3427 0
374.3427 374.9997 0
374.9997 375.6567 0
375.6567 376.3136 0
376.3136 376.9706 0
376.9706 377.6276 0
377.6276 378.2846 1
378.2846 378.9416 0
378.9416 379.5986 0
379.5986 380.2556 0
380.2556 380.9125 0
380.9125 381.5695 0
381.5695 382.2265 1
382.2265 382.8835 1
382.8835 383.5405 1
383.5405 384.1975 0
384.1975 384.8544 0
384.8544 385.5114 0
385.5114 386.1684 0
386.1684 386.8254 0
386.8254 387.4824 0
387.4824 388.1394 0
388.1394 388.7963 0
388.7963 389.4533 1
389.4533 390.1103 0
390.1103 390.7673 0
390.7673 391.4243 0
391.4243 392.0813 0
392.0813 392.7382 1
392.7382 393.3952 0
393.3952 394.0522 0
394.0522 394.7092 1
394.7092 395.3662 0
395.3662 396.0232 0
396.0232 396.6801 0
396.6801 397.3371 0
397.3371 397.9941 0
397.9941 398.6511 0
398.6511 399.3081 2
399.3081 399.9651 0
399.9651 400.6220 0
400.6220 401.2790 0
401.2790 401.9360 1
401.9360 402.5930 0
402.5930 403.2500 0
403.2500 403.9070 0
403.9070 404.5640 0
404.5640 405.2209 0
405.2209 405.8779 1
405.8779 406.5349 0
406.5349 407.1919 1
407.1919 407.8489 2
407.8489 408.5059 0
408.5059 409.1628 0
409.1628 409.8198 1
409.8198 410.4768 0
410.4768 411.1338 1
411.1338 411.7908 1
411.7908 412.4478 2
412.4478 413.1047 0
413.1047 413.7617 1
413.7617 414.4187 0
414.4187 415.0757 0
415.0757 415.7327 0
415.7327 416.3897 0
416.3897 417.0466 1
417.0466 417.7036 0
417.7036 418.3606 0
418.3606 419.0176 1
419.0176 419.6746 0
419.6746 420.3316 0
420.3316 420.9885 1
420.9885 421.6455 0
421.6455 422.3025 0
422.3025 422.9595 0
422.9595 423.6165 1
423.6165 424.2735 0
424.2735 424.9304 0
424.9304 425.5874 1
425.5874 426.2444 1
426.2444 426.9014 0
426.9014 427.5584 0
427.5584 428.2154 0
428.2154 428.8724 0
428.8724 429.5293 1
429.5293 430.1863 0
430.1863 430.8433 1
430.8433 431.5003 1
431.5003 432.1573 0
432.1573 432.8143 0
432.8143 433.4712 0
433.4712 434.1282 1
434.1282 434.7852 0
434.7852 435.4422 0
435.4422 436.0992 0
436.0992 436.7562 0
436.7562 437.4131 2
437.4131 438.0701 1
438.0701 438.7271 0
438.7271 439.3841 2
439.3841 440.0411 0
440.0411 440.6981 1
440.6981 441.3550 1
441.3550 442.0120 1
442.0120 442.6690 0
442.6690 443.3260 0
443.3260 443.9830 0
443.9830 444.6400 1
444.6400 445.2969 0
445.2969 445.9539 0
445.9539 446.6109 0
446.6109 447.2679 0
447.2679 447.9249 1
447.9249 448.5819 0
448.5819 449.2388 1
449.2388 449.8958 2
449.8958 450.5528 1
450.5528 451.2098 0
451.2098 451.8668 2
451.8668 452.5238 1
452.5238 453.1808 1
453.1808 453.8377 1
453.8377 454.4947 0
454.4947 455.1517 0
455.1517 455.8087 0
455.8087 456.4657 0
456.4657 457.1227 0
457.1227 457.7796 0
457.7796 458.4366 0
458.4366 459.0936 0
459.0936 459.7506 0
459.7506 460.4076 0
460.4076 461.0646 0
461.0646 461.7215 0
461.7215 462.3785 0
462.3785 463.0355 1
463.0355 463.6925 0
463.6925 464.3495 0
464.3495 465.0065 0
465.0065 465.6634 0
465.6634 466.3204 2
466.3204 466.9774 0
466.9774 467.6344 0
467.6344 468.2914 0
468.2914 468.9484 0
468.9484 469.6053 0
469.6053 470.2623 0
470.2623 470.9193 0
470.9193 471.5763 0
471.5763 472.2333 0
472.2333 472.8903 0
472.8903 473.5472 0
473.5472 474.2042 1
474.2042 474.8612 0
474.8612 475.5182 2
475.5182 476.1752 0
476.1752 476.8322 0
476.8322 477.4891 0
477.4891 478.1461 1
478.1461 478.8031 0
478.8031 479.4601 1
479.4601 480.1171 0
480.1171 480.7741 0
480.7741 481.4311 0
481.4311 482.0880 0
482.0880 482.7450 0
482.7450 483.4020 0
483.4020 484.0590 1
484.0590 484.7160 2
484.7160 485.3730 1
485.3730 486.0299 0
486.0299 486.6869 0
486.6869 487.3439 0
487.3439 488.0009 0
488.0009 488.6579 0
488.6579 489.3149 0
489.3149 489.9718 0
489.9718 490.6288 0
490.6288 491.2858 1
491.2858 491.9428 0
491.9428 492.5998 0
492.5998 493.2568 0
493.2568 493.9137 1
493.9137 494.5707 1
494.5707 495.2277 0
495.2277 495.8847 1
495.8847 496.5417 0
496.5417 497.1987 1
497.1987 497.8556 0
497.8556 498.5126 0
498.5126 499.1696 0
499.1696 499.8266 0
499.8266 500.4836 0
500.4836 501.1406 0
501.1406 501.7975 0
501.7975 502.4545 0
502.4545 503.1115 0
503.1115 503.7685 0
503.7685 504.4255 2
504.4255 505.0825 0
505.0825 505.7395 0
505.7395 506.3964 0
506.3964 507.0534 1
507.0534 507.7104 0
507.7104 508.3674 0
508.3674 509.0244 1
509.0244 509.6814 0
509.6814 510.3383 1
510.3383 510.9953 0
510.9953 511.6523 0
511.6523 512.3093 0
512.3093 512.9663 0
512.9663 513.6233 1
513.6233 514.2802 1
514.2802 514.9372 0
514.9372 515.5942 1
515.5942 516.2512 0
516.2512 516.9082 0
516.9082 517.5652 1
517.5652 518.2221 0
518.2221 518.8791 0
518.8791 519.5361 0
519.5361 520.1931 0
520.1931 520.8501 0
520.8501 521.5071 0
521.5071 522.1640 0
522.1640 522.8210 0
522.8210 523.4780 0
523.4780 524.1350 0
524.1350 524.7920 0
524.7920 525.4490 0
525.4490 526.1059 0
526.1059 526.7629 0
526.7629 527.4199 0
527.4199 528.0769 2
528.0769 528.7339 1
528.7339 529.3909 0
529.3909 530.0479 0
530.0479 530.7048 1
530.7048 531.3618 0
531.3618 532.0188 0
532.0188 532.6758 1
532.6758 533.3328 0
533.3328 533.9898 0
533.9898 534.6467 0
534.6467 535.3037 0
535.3037 535.9607 0
535.9607 536.6177 0
536.6177 537.2747 0
537.2747 537.9317 0
537.9317 538.5886 0
538.5886 539.2456 0
539.2456 539.9026 0
539.9026 540.5596 0
540.5596 541.2166 1
541.2166 541.8736 1
541.8736 542.5305 0
542.5305 543.1875 1
543.1875 543.8445 0
543.8445 544.5015 0
544.5015 545.1585 1
545.1585 545.8155 0
545.8155 546.4724 0
546.4724 547.1294 0
547.1294 547.7864 1
547.7864 548.4434 1
548.4434 549.1004 0
549.1004 549.7574 2
549.7574 550.4143 0
550.4143 551.0713 0
551.0713 551.7283 0
551.7283 552.3853 0
552.3853 553.0423 1
553.0423 553.6993 1
553.6993 554.3563 0
554.3563 555.0132 0
555.0132 555.6702 0
555.6702 556.3272 0
556.3272 556.9842 0
556.9842 557.6412 0
557.6412 558.2982 0
558.2982 558.9551 0
558.9551 559.6121 0
559.6121 560.2691 0
560.2691 560.9261 0
560.9261 561.5831 0
561.5831 562.2401 0
562.2401 562.8970 0
562.8970 563.5540 0
563.5540 564.2110 0
564.2110 564.8680 0
564.8680 565.5250 0
565.5250 566.1820 0
566.1820 566.8389 0
566.8389 567.4959 0
567.4959 568.1529 0
568.1529 568.8099 0
568.8099 569.4669 0
569.4669 570.1239 0
570.1239 570.7808 0
570.7808 571.4378 0
571.4378 572.0948 0
572.0948 572.7518 0
572.7518 573.4088 0
573.4088 574.0658 0
574.0658 574.7227 1
574.7227 575.3797 0
575.3797 576.0367 0
576.0367 576.6937 0
576.6937 577.3507 0
577.3507 578.0077 0
578.0077 578.6647 0
578.6647 579.3216 0
579.3216 579.9786 0
579.9786 580.6356 0
580.6356 581.2926 0
581.2926 581.9496 0
581.9496 582.6066 0
582.6066 583.2635 1
583.2635 583.9205 1
583.9205 584.5775 0
584.5775 585.2345 0
585.2345 585.8915 0
585.8915 586.5485 0
586.5485 587.2054 0
587.2054 587.8624 0
587.8624 588.5194 0
588.5194 589.1764 0
589.1764 589.8334 1
589.8334 590.4904 0
590.4904 591.1473 0
591.1473 591.8043 0
591.8043 592.4613 0
592.4613 593.1183 0
593.1183 593.7753 0
593.7753 594.4323 0
594.4323 595.0892 0
595.0892 595.7462 0
595.7462 596.4032 0
596.4032 597.0602 0
597.0602 597.7172 0
597.7172 598.3742 1
598.3742 599.0311 0
599.0311 599.6881 0
599.6881 600.3451 2
600.3451 601.0021 0
601.0021 601.6591 0
601.6591 602.3161 0
602.3161 602.9730 0
602.9730 603.6300 1
603.6300 604.2870 0
604.2870 604.9440 1
604.9440 605.6010 1
605.6010 606.2580 0
606.2580 606.9150 0
606.9150 607.5719 0
607.5719 608.2289 0
608.2289 608.8859 0
608.8859 609.5429 0
609.5429 610.1999 0
610.1999 610.8569 0
610.8569 611.5138 0
611.5138 612.1708 1
612.1708 612.8278 0
612.8278 613.4848 1
613.4848 614.1418 0
614.1418 614.7988 1
614.7988 615.4557 0
615.4557 616.1127 0
616.1127 616.7697 0
616.7697 617.4267 0
617.4267 618.0837 0
618.0837 618.7407 0
618.7407 619.3976 0
619.3976 620.0546 0
620.0546 620.7116 0
620.7116 621.3686 1
621.3686 622.0256 0
622.0256 622.6826 1
622.6826 623.3395 0
623.3395 623.9965 0
623.9965 624.6535 0
624.6535 625.3105 0
625.3105 625.9675 0
625.9675 626.6245 0
626.6245 627.2814 1
627.2814 627.9384 0
627.9384 628.5954 0
628.5954 629.2524 0
629.2524 629.9094 0
629.9094 630.5664 0
630.5664 631.2234 0
631.2234 631.8803 1
631.8803 632.5373 0
632.5373 633.1943 0
633.1943 633.8513 0
633.8513 634.5083 0
634.5083 635.1653 0
635.1653 635.8222 0
635.8222 636.4792 0
636.4792 637.1362 0
637.1362 637.7932 0
637.7932 638.4502 0
638.4502 639.1072 0
639.1072 639.7641 0
639.7641 640.4211 0
640.4211 641.0781 0
641.0781 641.7351 0
641.7351 642.3921 0
642.3921 643.0491 0
643.0491 643.7060 0
643.7060 644.3630 0
644.3630 645.0200 0
645.0200 645.6770 0
645.6770 646.3340 0
646.3340 646.9910 0
646.9910 647.6479 0
647.6479 648.3049 0
648.3049 648.9619 0
648.9619 649.6189 0
649.6189 650.2759 0
650.2759 650.9329 0
650.9329 651.5898 0
651.5898 652.2468 0
652.2468 652.9038 0
652.9038 653.5608 0
653.5608 654.2178 0
654.2178 654.8748 1
654.8748 655.5318 0
655.5318 656.1887 0
656.1887 656.8457 0
656.8457 657.5027 0
657.5027 658.1597 0
658.1597 658.8167 0
658.8167 659.4737 0
659.4737 660.1306 0
660.1306 660.7876 0
660.7876 661.4446 0
661.4446 662.1016 0
662.1016 662.7586 0
662.7586 663.4156 0
663.4156 664.0725 0
664.0725 664.7295 0
664.7295 665.3865 0
665.3865 666.0435 0
666.0435 666.7005 0
666.7005 667.3575 1
667.3575 668.0144 0
668.0144 668.6714 0
668.6714 669.3284 0
669.3284 669.9854 0
669.9854 670.6424 0
670.6424 671.2994 1
671.2994 671.9563 0
671.9563 672.6133 0
672.6133 673.2703 0
673.2703 673.9273 0
673.9273 674.5843 0
674.5843 675.2413 1
675.2413 675.8982 0
675.8982 676.5552 0
676.5552 677.2122 0
677.2122 677.8692 0
677.8692 678.5262 0
678.5262 679.1832 1
679.1832 679.8402 0
679.8402 680.4971 0
680.4971 681.1541 0
681.1541 681.8111 0
681.8111 682.4681 0
682.4681 683.1251 0
683.1251 683.7821 0
683.7821 684.4390 0
684.4390 685.0960 0
685.0960 685.7530 0
685.7530 686.4100 0
686.4100 687.0670 0
687.0670 687.7240 0
687.7240 688.3809 0
688.3809 689.0379 0
689.0379 689.6949 0
689.6949 690.3519 0
690.3519 691.0089 1
691.0089 691.6659 1
691.6659 692.3228 0
692.3228 692.9798 0
692.9798 693.6368 0
693.6368 694.2938 0
694.2938 694.9508 0
694.9508 695.6078 0
695.6078 696.2647 0
696.2647 696.9217 0
696.9217 697.5787 2
697.5787 698.2357 0
698.2357 698.8927 1
698.8927 699.5497 0
699.5497 700.2066 0
700.2066 700.8636 0
700.8636 701.5206 0
701.5206 702.1776 0
702.1776 702.8346 0
702.8346 703.4916 0
703.4916 704.1486 0
704.1486 704.8055 0
704.8055 705.4625 0
705.4625 706.1195 1
706.1195 706.7765 1
706.7765 707.4335 0
707.4335 708.0905 0
708.0905 708.7474 0
708.7474 709.4044 1
709.4044 710.0614 0
710.0614 710.7184 0
710.7184 711.3754 1
711.3754 712.0324 0
712.0324 712.6893 0
712.6893 713.3463 0
713.3463 714.0033 0
714.0033 714.6603 1
714.6603 715.3173 0
715.3173 715.9743 0
715.9743 716.6312 0
716.6312 717.2882 1
717.2882 717.9452 0
717.9452 718.6022 0
718.6022 719.2592 0
719.2592 719.9162 0
719.9162 720.5731 0
720.5731 721.2301 0
721.2301 721.8871 0
721.8871 722.5441 0
722.5441 723.2011 0
723.2011 723.8581 0
723.8581 724.5150 0
724.5150 725.1720 0
725.1720 725.8290 0
725.8290 726.4860 0
726.4860 727.1430 0
727.1430 727.8000 1
727.8000 728.4569 0
728.4569 729.1139 1
729.1139 729.7709 0
729.7709 730.4279 0
730.4279 731.0849 0
731.0849 731.7419 0
731.7419 732.3989 0
732.3989 733.0558 0
733.0558 733.7128 0
733.7128 734.3698 1
734.3698 735.0268 0
735.0268 735.6838 0
735.6838 736.3408 0
736.3408 736.9977 0
736.9977 737.6547 0
737.6547 738.3117 0
738.3117 738.9687 1
738.9687 739.6257 0
739.6257 740.2827 0
740.2827 740.9396 0
740.9396 741.5966 0
741.5966 742.2536 0
742.2536 742.9106 0
742.9106 743.5676 0
743.5676 744.2246 0
744.2246 744.8815 1
744.8815 745.5385 0
745.5385 746.1955 0
746.1955 746.8525 3
746.8525 747.5095 1
747.5095 748.1665 0
748.1665 748.8234 0
748.8234 749.4804 0
749.4804 750.1374 0
750.1374 750.7944 0
750.7944 751.4514 0
751.4514 752.1084 0
752.1084 752.7653 0
752.7653 753.4223 1
753.4223 754.0793 0
754.0793 754.7363 0
754.7363 755.3933 0
755.3933 756.0503 0
756.0503 756.7073 0
756.7073 757.3642 0
757.3642 758.0212 0
758.0212 758.6782 0
758.6782 759.3352 0
759.3352 759.9922 0
759.9922 760.6492 0
760.6492 761.3061 0
761.3061 761.9631 0
761.9631 762.6201 0
762.6201 763.2771 1
763.2771 763.9341 0
763.9341 764.5911 1
764.5911 765.2480 1
765.2480 765.9050 0
765.9050 766.5620 0
766.5620 767.2190 0
767.2190 767.8760 1
767.8760 768.5330 1
768.5330 769.1899 0
769.1899 769.8469 0
769.8469 770.5039 0
770.5039 771.1609 0
771.1609 771.8179 0
771.8179 772.4749 0
772.4749 773.1318 0
773.1318 773.7888 0
773.7888 774.4458 0
774.4458 775.1028 0
775.1028 775.7598 0
775.7598 776.4168 0
776.4168 777.0737 0
777.0737 777.7307 0
777.7307 778.3877 0
778.3877 779.0447 0
779.0447 779.7017 0
779.7017 780.3587 0
780.3587 781.0157 0
781.0157 781.6726 0
781.6726 782.3296 0
782.3296 782.9866 0
782.9866 783.6436 0
783.6436 784.3006 0
784.3006 784.9576 0
784.9576 785.6145 0
785.6145 786.2715 0
786.2715 786.9285 0
786.9285 787.5855 0
787.5855 788.2425 0
788.2425 788.8995 0
788.8995 789.5564 0
789.5564 790.2134 0
790.2134 790.8704 0
790.8704 791.5274 0
791.5274 792.1844 0
792.1844 792.8414 0
792.8414 793.4983 0
793.4983 794.1553 0
794.1553 794.8123 0
794.8123 795.4693 0
795.4693 796.1263 0
796.1263 796.7833 0
796.7833 797.4402 0
797.4402 798.0972 0
798.0972 798.7542 1
798.7542 799.4112 0
799.4112 800.0682 0
800.0682 800.7252 0
800.7252 801.3821 1
801.3821 802.0391 0
802.0391 802.6961 0
802.6961 803.3531 0
803.3531 804.0101 1
804.0101 804.6671 0
804.6671 805.3241 0
805.3241 805.9810 0
805.9810 806.6380 0
806.6380 807.2950 0
807.2950 807.9520 0
807.9520 808.6090 0
808.6090 809.2660 0
809.2660 809.9229 0
809.9229 810.5799 0
810.5799 811.2369 0
811.2369 811.8939 0
811.8939 812.5509 0
812.5509 813.2079 0
813.2079 813.8648 0
813.8648 814.5218 0
814.5218 815.1788 0
815.1788 815.8358 0
815.8358 816.4928 0
816.4928 817.1498 1
817.1498 817.8067 0
817.8067 818.4637 0
818.4637 819.1207 0
819.1207 819.7777 0
819.7777 820.4347 0
820.4347 821.0917 0
821.0917 821.7486 0
821.7486 822.4056 0
822.4056 823.0626 0
823.0626 823.7196 0
823.7196 824.3766 0
824.3766 825.0336 0
825.0336 825.6905 0
825.6905 826.3475 0
826.3475 827.0045 0
827.0045 827.6615 0
827.6615 828.3185 0
828.3185 828.9755 0
828.9755 829.6325 0
829.6325 830.2894 0
830.2894 830.9464 0
830.9464 831.6034 0
831.6034 832.2604 0
832.2604 832.9174 0
832.9174 833.5744 0
833.5744 834.2313 0
834.2313 834.8883 0
834.8883 835.5453 0
835.5453 836.2023 0
836.2023 836.8593 0
836.8593 837.5163 0
837.5163 838.1732 1
838.1732 838.8302 0
838.8302 839.4872 0
839.4872 840.1442 0
840.1442 840.8012 0
840.8012 841.4582 0
841.4582 842.1151 1
842.1151 842.7721 0
842.7721 843.4291 0
843.4291 844.0861 0
844.0861 844.7431 0
844.7431 845.4001 0
845.4001 846.0570 0
846.0570 846.7140 0
846.7140 847.3710 1
847.3710 848.0280 0
848.0280 848.6850 0
848.6850 849.3420 0
849.3420 849.9989 0
849.9989 850.6559 0
850.6559 851.3129 0
851.3129 851.9699 0
851.9699 852.6269 1
852.6269 853.2839 0
853.2839 853.9408 0
853.9408 854.5978 0
854.5978 855.2548 0
855.2548 855.9118 1
855.9118 856.5688 0
856.5688 857.2258 0
857.2258 857.8828 1
857.8828 858.5397 0
858.5397 859.1967 0
859.1967 859.8537 0
859.8537 860.5107 0
860.5107 861.1677 0
861.1677 861.8247 0
861.8247 862.4816 1
862.4816 863.1386 0
863.1386 863.7956 0
863.7956 864.4526 0
864.4526 865.1096 0
865.1096 865.7666 0
865.7666 866.4235 0
866.4235 867.0805 0
867.0805 867.7375 0
867.7375 868.3945 0
868.3945 869.0515 0
869.0515 869.7085 0
869.7085 870.3654 0
870.3654 871.0224 0
871.0224 871.6794 0
871.6794 872.3364 0
872.3364 872.9934 0
872.9934 873.6504 0
873.6504 874.3073 0
874.3073 874.9643 0
874.9643 875.6213 0
875.6213 876.2783 0
876.2783 876.9353 0
876.9353 877.5923 0
877.5923 878.2492 0
878.2492 878.9062 0
878.9062 879.5632 0
879.5632 880.2202 0
880.2202 880.8772 1
880.8772 881.5342 0
881.5342 882.1912 0
882.1912 882.8481 0
882.8481 883.5051 0
883.5051 884.1621 0
884.1621 884.8191 0
884.8191 885.4761 1
885.4761 886.1331 0
886.1331 886.7900 0
886.7900 887.4470 0
887.4470 888.1040 0
888.1040 888.7610 0
888.7610 889.4180 0
889.4180 890.0750 0
890.0750 890.7319 0
890.7319 891.3889 0
891.3889 892.0459 0
892.0459 892.7029 1
892.7029 893.3599 0
893.3599 894.0169 0
894.0169 894.6738 0
894.6738 895.3308 0
895.3308 895.9878 0
895.9878 896.6448 0
896.6448 897.3018 0
897.3018 897.9588 0
897.9588 898.6157 0
898.6157 899.2727 0
899.2727 899.9297 0
899.9297 900.5867 1
900.5867 901.2437 0
901.2437 901.9007 0
901.9007 902.5576 0
902.5576 903.2146 0
903.2146 903.8716 0
903.8716 904.5286 0
904.5286 905.1856 0
905.1856 905.8426 0
905.8426 906.4996 0
906.4996 907.1565 0
907.1565 907.8135 0
907.8135 908.4705 0
908.4705 909.1275 1
909.1275 909.7845 0
909.7845 910.4415 0
910.4415 911.0984 0
911.0984 911.7554 0
911.7554 912.4124 0
912.4124 913.0694 0
913.0694 913.7264 0
913.7264 914.3834 0
914.3834 915.0403 1
915.0403 915.6973 0
915.6973 916.3543 0
916.3543 917.0113 0
917.0113 917.6683 0
917.6683 918.3253 0
918.3253 918.9822 0
918.9822 919.6392 0
919.6392 920.2962 0
920.2962 920.9532 0
920.9532 921.6102 0
921.6102 922.2672 0
922.2672 922.9241 0
922.9241 923.5811 0
923.5811 924.2381 0
924.2381 924.8951 0
924.8951 925.5521 0
925.5521 926.2091 0
926.2091 926.8660 1
926.8660 927.5230 0
927.5230 928.1800 0
928.1800 928.8370 0
928.8370 929.4940 0
929.4940 930.1510 0
930.1510 930.8080 0
930.8080 931.4649 0
931.4649 932.1219 0
932.1219 932.7789 0
932.7789 933.4359 0
933.4359 934.0929 0
934.0929 934.7499 0
934.7499 935.4068 0
935.4068 936.0638 0
936.0638 936.7208 0
936.7208 937.3778 0
937.3778 938.0348 0
938.0348 938.6918 0
938.6918 939.3487 0
939.3487 940.0057 0
940.0057 940.6627 0
940.6627 941.3197 0
941.3197 941.9767 0
941.9767 942.6337 0
942.6337 943.2906 0
943.2906 943.9476 0
943.9476 944.6046 0
944.6046 945.2616 0
945.2616 945.9186 1
945.9186 946.5756 0
946.5756 947.2325 0
947.2325 947.8895 0
947.8895 948.5465 0
948.5465 949.2035 0
949.2035 949.8605 0
949.8605 950.5175 1
950.5175 951.1744 1
951.1744 951.8314 0
951.8314 952.4884 0
952.4884 953.1454 0
953.1454 953.8024 0
953.8024 954.4594 0
954.4594 955.1163 0
955.1163 955.7733 0
955.7733 956.4303 1
956.4303 957.0873 0
957.0873 957.7443 0
957.7443 958.4013 0
958.4013 959.0583 0
959.0583 959.7152 0
959.7152 960.3722 0
960.3722 961.0292 0
961.0292 961.6862 0
961.6862 962.3432 1
962.3432 963.0002 0
963.0002 963.6571 0
963.6571 964.3141 0
964.3141 964.9711 0
964.9711 965.6281 0
965.6281 966.2851 0
966.2851 966.9421 0
966.9421 967.5990 0
967.5990 968.2560 0
968.2560 968.9130 0
968.9130 969.5700 0
969.5700 970.2270 0
970.2270 970.8840 0
970.8840 971.5409 0
971.5409 972.1979 0
972.1979 972.8549 0
972.8549 973.5119 0
973.5119 974.1689 0
974.1689 974.8259 0
974.8259 975.4828 0
975.4828 976.1398 0
976.1398 976.7968 0
976.7968 977.4538 0
977.4538 978.1108 0
978.1108 978.7678 0
978.7678 979.4247 0
979.4247 980.0817 0
980.0817 980.7387 2
980.7387 981.3957 1
981.3957 982.0527 0
982.0527 982.7097 0
982.7097 983.3667 0
983.3667 984.0236 0
984.0236 984.6806 1
984.6806 985.3376 0
985.3376 985.9946 0
985.9946 986.6516 0
986.6516 987.3086 0
987.3086 987.9655 0
987.9655 988.6225 0
988.6225 989.2795 0
989.2795 989.9365 0
989.9365 990.5935 0
990.5935 991.2505 0
991.2505 991.9074 0
991.9074 992.5644 0
992.5644 993.2214 0
993.2214 993.8784 0
993.8784 994.5354 0
994.5354 995.1924 0
995.1924 995.8493 0
995.8493 996.5063 0
996.5063 997.1633 0
997.1633 997.8203 0
997.8203 998.4773 1
998.4773 999.1343 0
999.1343 999.7912 0
999.7912 1000.4482 0
1000.4482 1001.1052 0
1001.1052 1001.7622 0
1001.7622 1002.4192 0
1002.4192 1003.0762 0
1003.0762 1003.7331 0
1003.7331 1004.3901 0
1004.3901 1005.0471 0
1005.0471 1005.7041 0
1005.7041 1006.3611 0
1006.3611 1007.0181 0
1007.0181 1007.6751 0
1007.6751 1008.3320 0
1008.3320 1008.9890 0
1008.9890 1009.6460 0
1009.6460 1010.3030 0
1010.3030 1010.9600 0
1010.9600 1011.6170 0
1011.6170 1012.2739 0
1012.2739 1012.9309 0
1012.9309 1013.5879 0
1013.5879 1014.2449 0
1014.2449 1014.9019 0
1014.9019 1015.5589 0
1015.5589 1016.2158 0
1016.2158 1016.8728 1
1016.8728 1017.5298 0
1017.5298 1018.1868 0
1018.1868 1018.8438 0
1018.8438 1019.5008 0
1019.5008 1020.1577 0
1020.1577 1020.8147 0
1020.8147 1021.4717 0
1021.4717 1022.1287 0
1022.1287 1022.7857 0
1022.7857 1023.4427 0
1023.4427 1024.0996 1
1024.0996 1024.7566 0
1024.7566 1025.4136 0
1025.4136 1026.0706 0
1026.0706 1026.7276 0
1026.7276 1027.3846 0
1027.3846 1028.0415 0
1028.0415 1028.6985 0
1028.6985 1029.3555 0
1029.3555 1030.0125 0
1030.0125 1030.6695 0
1030.6695 1031.3265 0
1031.3265 1031.9835 0
1031.9835 1032.6404 0
1032.6404 1033.2974 0
1033.2974 1033.9544 0
1033.9544 1034.6114 0
1034.6114 1035.2684 0
1035.2684 1035.9254 1
1035.9254 1036.5823 0
1036.5823 1037.2393 0
1037.2393 1037.8963 0
1037.8963 1038.5533 0
1038.5533 1039.2103 1
1039.2103 1039.8673 0
1039.8673 1040.5242 0
1040.5242 1041.1812 0
1041.1812 1041.8382 0
1041.8382 1042.4952 0
1042.4952 1043.1522 0
1043.1522 1043.8092 0
1043.8092 1044.4661 0
1044.4661 1045.1231 0
1045.1231 1045.7801 0
1045.7801 1046.4371 0
1046.4371 1047.0941 0
1047.0941 1047.7511 0
1047.7511 1048.4080 0
1048.4080 1049.0650 0
1049.0650 1049.7220 0
1049.7220 1050.3790 0
1050.3790 1051.0360 0
1051.0360 1051.6930 0
1051.6930 1052.3499 0
1052.3499 1053.0069 0
1053.0069 1053.6639 0
1053.6639 1054.3209 0
1054.3209 1054.9779 0
1054.9779 1055.6349 0
1055.6349 1056.2919 0
1056.2919 1056.9488 0
1056.9488 1057.6058 0
1057.6058 1058.2628 0
1058.2628 1058.9198 0
1058.9198 1059.5768 0
1059.5768 1060.2338 0
1060.2338 1060.8907 0
1060.8907 1061.5477 0
1061.5477 1062.2047 1
1062.2047 1062.8617 0
1062.8617 1063.5187 1
1063.5187 1064.1757 0
1064.1757 1064.8326 0
1064.8326 1065.4896 0
1065.4896 1066.1466 0
1066.1466 1066.8036 1
1066.8036 1067.4606 0
1067.4606 1068.1176 0
1068.1176 1068.7745 0
1068.7745 1069.4315 0
1069.4315 1070.0885 0
1070.0885 1070.7455 0
1070.7455 1071.4025 0
1071.4025 1072.0595 0
1072.0595 1072.7164 0
1072.7164 1073.3734 0
1073.3734 1074.0304 0
1074.0304 1074.6874 0
1074.6874 1075.3444 0
1075.3444 1076.0014 0
1076.0014 1076.6583 0
1076.6583 1077.3153 0
1077.3153 1077.9723 0
1077.9723 1078.6293 0
1078.6293 1079.2863 0
1079.2863 1079.9433 0
1079.9433 1080.6002 0
1080.6002 1081.2572 0
1081.2572 1081.9142 0
1081.9142 1082.5712 0
1082.5712 1083.2282 0
1083.2282 1083.8852 0
1083.8852 1084.5422 0
1084.5422 1085.1991 0
1085.1991 1085.8561 0
1085.8561 1086.5131 0
1086.5131 1087.1701 0
1087.1701 1087.8271 0
1087.8271 1088.4841 0
1088.4841 1089.1410 0
1089.1410 1089.7980 0
1089.7980 1090.4550 0
1090.4550 1091.1120 1
1091.1120 1091.7690 0
1091.7690 1092.4260 0
1092.4260 1093.0829 0
1093.0829 1093.7399 0
1093.7399 1094.3969 0
1094.3969 1095.0539 0
1095.0539 1095.7109 0
1095.7109 1096.3679 0
1096.3679 1097.0248 0
1097.0248 1097.6818 0
1097.6818 1098.3388 0
1098.3388 1098.9958 0
1098.9958 1099.6528 0
1099.6528 1100.3098 0
1100.3098 1100.9667 0
1100.9667 1101.6237 0
1101.6237 1102.2807 0
1102.2807 1102.9377 0
1102.9377 1103.5947 0
1103.5947 1104.2517 0
1104.2517 1104.9086 0
1104.9086 1105.5656 0
1105.5656 1106.2226 0
1106.2226 1106.8796 0
1106.8796 1107.5366 0
1107.5366 1108.1936 0
1108.1936 1108.8506 0
1108.8506 1109.5075 0
1109.5075 1110.1645 0
1110.1645 1110.8215 0
1110.8215 1111.4785 0
1111.4785 1112.1355 0
1112.1355 1112.7925 0
1112.7925 1113.4494 0
1113.4494 1114.1064 0
1114.1064 1114.7634 0
1114.7634 1115.4204 0
1115.4204 1116.0774 0
1116.0774 1116.7344 0
1116.7344 1117.3913 0
1117.3913 1118.0483 1
1118.0483 1118.7053 0
1118.7053 1119.3623 0
1119.3623 1120.0193 0
1120.0193 1120.6763 0
1120.6763 1121.3332 0
1121.3332 1121.9902 0
1121.9902 1122.6472 0
1122.6472 1123.3042 0
1123.3042 1123.9612 0
1123.9612 1124.6182 0
1124.6182 1125.2751 0
1125.2751 1125.9321 0
1125.9321 1126.5891 0
1126.5891 1127.2461 0
1127.2461 1127.9031 0
1127.9031 1128.5601 0
1128.5601 1129.2170 0
1129.2170 1129.8740 0
1129.8740 1130.5310 0
1130.5310 1131.1880 0
1131.1880 1131.8450 0
1131.8450 1132.5020 0
1132.5020 1133.1590 0
1133.1590 1133.8159 0
1133.8159 1134.4729 0
1134.4729 1135.1299 0
1135.1299 1135.7869 0
1135.7869 1136.4439 0
1136.4439 1137.1009 0
1137.1009 1137.7578 0
1137.7578 1138.4148 0
1138.4148 1139.0718 0
1139.0718 1139.7288 0
1139.7288 1140.3858 0
1140.3858 1141.0428 0
1141.0428 1141.6997 0
1141.6997 1142.3567 0
1142.3567 1143.0137 0
1143.0137 1143.6707 1
1143.6707 1144.3277 0
1144.3277 1144.9847 0
1144.9847 1145.6416 0
1145.6416 1146.2986 0
1146.2986 1146.9556 0
1146.9556 1147.6126 0
1147.6126 1148.2696 0
1148.2696 1148.9266 0
1148.9266 1149.5835 0
1149.5835 1150.2405 0
1150.2405 1150.8975 0
1150.8975 1151.5545 1
1151.5545 1152.2115 0
1152.2115 1152.8685 0
1152.8685 1153.5254 0
1153.5254 1154.1824 0
1154.1824 1154.8394 0
1154.8394 1155.4964 0
1155.4964 1156.1534 0
1156.1534 1156.8104 0
1156.8104 1157.4674 0
1157.4674 1158.1243 0
1158.1243 1158.7813 0
1158.7813 1159.4383 0
1159.4383 1160.0953 0
1160.0953 1160.7523 0
1160.7523 1161.4093 0
1161.4093 1162.0662 0
1162.0662 1162.7232 0
1162.7232 1163.3802 0
1163.3802 1164.0372 0
1164.0372 1164.6942 0
1164.6942 1165.3512 0
1165.3512 1166.0081 0
1166.0081 1166.6651 0
1166.6651 1167.3221 0
1167.3221 1167.9791 0
1167.9791 1168.6361 0
1168.6361 1169.2931 0
1169.2931 1169.9500 0
1169.9500 1170.6070 0
1170.6070 1171.2640 0
1171.2640 1171.9210 0
1171.9210 1172.5780 0
1172.5780 1173.2350 0
1173.2350 1173.8919 0
1173.8919 1174.5489 0
1174.5489 1175.2059 0
1175.2059 1175.8629 0
1175.8629 1176.5199 0
1176.5199 1177.1769 0
1177.1769 1177.8338 0
1177.8338 1178.4908 0
1178.4908 1179.1478 0
1179.1478 1179.8048 0
1179.8048 1180.4618 0
1180.4618 1181.1188 0
1181.1188 1181.7758 0
1181.7758 1182.4327 1
1182.4327 1183.0897 0
1183.0897 1183.7467 0
1183.7467 1184.4037 0
1184.4037 1185.0607 0
1185.0607 1185.7177 0
1185.7177 1186.3746 0
1186.3746 1187.0316 0
1187.0316 1187.6886 0
1187.6886 1188.3456 0
1188.3456 1189.0026 0
1189.0026 1189.6596 0
1189.6596 1190.3165 0
1190.3165 1190.9735 0
1190.9735 1191.6305 0
1191.6305 1192.2875 1
1192.2875 1192.9445 0
1192.9445 1193.6015 0
1193.6015 1194.2584 0
1194.2584 1194.9154 0
1194.9154 1195.5724 0
1195.5724 1196.2294 0
1196.2294 1196.8864 0
1196.8864 1197.5434 0
1197.5434 1198.2003 0
1198.2003 1198.8573 0
1198.8573 1199.5143 0
1199.5143 1200.1713 0
1200.1713 1200.8283 0
1200.8283 1201.4853 0
1201.4853 1202.1422 0
1202.1422 1202.7992 0
1202.7992 1203.4562 0
1203.4562 1204.1132 0
1204.1132 1204.7702 0
1204.7702 1205.4272 0
1205.4272 1206.0841 0
1206.0841 1206.7411 0
1206.7411 1207.3981 0
1207.3981 1208.0551 0
1208.0551 1208.7121 0
1208.7121 1209.3691 0
1209.3691 1210.0261 0
1210.0261 1210.6830 0
1210.6830 1211.3400 0
1211.3400 1211.9970 0
1211.9970 1212.6540 0
1212.6540 1213.3110 0
1213.3110 1213.9680 0
1213.9680 1214.6249 0
1214.6249 1215.2819 0
1215.2819 1215.9389 0
1215.9389 1216.5959 0
1216.5959 1217.2529 0
1217.2529 1217.9099 0
1217.9099 1218.5668 0
1218.5668 1219.2238 0
1219.2238 1219.8808 0
1219.8808 1220.5378 0
1220.5378 1221.1948 0
1221.1948 1221.8518 0
1221.8518 1222.5087 0
1222.5087 1223.1657 1
1223.1657 1223.8227 0
1223.8227 1224.4797 0
1224.4797 1225.1367 0
1225.1367 1225.7937 0
1225.7937 1226.4506 0
1226.4506 1227.1076 0
1227.1076 1227.7646 0
1227.7646 1228.4216 0
1228.4216 1229.0786 0
1229.0786 1229.7356 0
1229.7356 1230.3925 0
1230.3925 1231.0495 0
1231.0495 1231.7065 0
1231.7065 1232.3635 0
1232.3635 1233.0205 0
1233.0205 1233.6775 0
1233.6775 1234.3345 0
1234.3345 1234.9914 0
1234.9914 1235.6484 0
1235.6484 1236.3054 0
1236.3054 1236.9624 0
1236.9624 1237.6194 0
1237.6194 1238.2764 0
1238.2764 1238.9333 0
1238.9333 1239.5903 1
1239.5903 1240.2473 0
1240.2473 1240.9043 0
1240.9043 1241.5613 0
1241.5613 1242.2183 0
1242.2183 1242.8752 0
1242.8752 1243.5322 0
1243.5322 1244.1892 0
1244.1892 1244.8462 0
1244.8462 1245.5032 0
1245.5032 1246.1602 0
1246.1602 1246.8171 0
1246.8171 1247.4741 0
1247.4741 1248.1311 0
1248.1311 1248.7881 0
1248.7881 1249.4451 0
1249.4451 1250.1021 0
1250.1021 1250.7590 0
1250.7590 1251.4160 0
1251.4160 1252.0730 0
1252.0730 1252.7300 0
1252.7300 1253.3870 0
1253.3870 1254.0440 0
1254.0440 1254.7009 0
1254.7009 1255.3579 0
1255.3579 1256.0149 0
1256.0149 1256.6719 0
1256.6719 1257.3289 0
1257.3289 1257.9859 0
1257.9859 1258.6429 0
1258.6429 1259.2998 0
1259.2998 1259.9568 0
1259.9568 1260.6138 0
1260.6138 1261.2708 0
1261.2708 1261.9278 0
1261.9278 1262.5848 0
1262.5848 1263.2417 0
1263.2417 1263.8987 0
1263.8987 1264.5557 0
1264.5557 1265.2127 0
1265.2127 1265.8697 0
1265.8697 1266.5267 0
1266.5267 1267.1836 0
1267.1836 1267.8406 0
1267.8406 1268.4976 0
1268.4976 1269.1546 0
1269.1546 1269.8116 0
1269.8116 1270.4686 0
1270.4686 1271.1255 0
1271.1255 1271.7825 0
1271.7825 1272.4395 0
1272.4395 1273.0965 0
1273.0965 1273.7535 0
1273.7535 1274.4105 0
1274.4105 1275.0674 0
1275.0674 1275.7244 0
1275.7244 1276.3814 0
1276.3814 1277.0384 0
1277.0384 1277.6954 0
1277.6954 1278.3524 0
1278.3524 1279.0093 0
1279.0093 1279.6663 0
1279.6663 1280.3233 0
1280.3233 1280.9803 0
1280.9803 1281.6373 0
1281.6373 1282.2943 0
1282.2943 1282.9513 0
1282.9513 1283.6082 0
1283.6082 1284.2652 0
1284.2652 1284.9222 0
1284.9222 1285.5792 0
1285.5792 1286.2362 0
1286.2362 1286.8932 0
1286.8932 1287.5501 0
1287.5501 1288.2071 0
1288.2071 1288.8641 0
1288.8641 1289.5211 0
1289.5211 1290.1781 0
1290.1781 1290.8351 0
1290.8351 1291.4920 0
1291.4920 1292.1490 0
1292.1490 1292.8060 0
1292.8060 1293.4630 0
1293.4630 1294.1200 1
1294.1200 1294.7770 0
1294.7770 1295.4339 0
1295.4339 1296.0909 0
1296.0909 1296.7479 0
1296.7479 1297.4049 0
1297.4049 1298.0619 0
1298.0619 1298.7189 0
1298.7189 1299.3758 0
1299.3758 1300.0328 0
1300.0328 1300.6898 0
1300.6898 1301.3468 0
1301.3468 1302.0038 0
1302.0038 1302.6608 0
1302.6608 1303.3177 0
1303.3177 1303.9747 0
1303.9747 1304.6317 0
1304.6317 1305.2887 0
1305.2887 1305.9457 0
1305.9457 1306.6027 0
1306.6027 1307.2597 0
1307.2597 1307.9166 0
1307.9166 1308.5736 0
1308.5736 1309.2306 0
1309.2306 1309.8876 0
1309.8876 1310.5446 0
1310.5446 1311.2016 0
1311.2016 1311.8585 0
1311.8585 1312.5155 0
1312.5155 1313.1725 0
1313.1725 1313.8295 0
1313.8295 1314.4865 0
1314.4865 1315.1435 0
1315.1435 1315.8004 0
1315.8004 1316.4574 0
1316.4574 1317.1144 0
1317.1144 1317.7714 0
1317.7714 1318.4284 0
1318.4284 1319.0854 0
1319.0854 1319.7423 0
1319.7423 1320.3993 0
1320.3993 1321.0563 0
1321.0563 1321.7133 0
1321.7133 1322.3703 0
1322.3703 1323.0273 0
1323.0273 1323.6842 0
1323.6842 1324.3412 0
1324.3412 1324.9982 0
1324.9982 1325.6552 0
1325.6552 1326.3122 0
1326.3122 1326.9692 0
1326.9692 1327.6261 0
1327.6261 1328.2831 0
1328.2831 1328.9401 0
1328.9401 1329.5971 0
1329.5971 1330.2541 0
1330.2541 1330.9111 0
1330.9111 1331.5680 0
1331.5680 1332.2250 0
1332.2250 1332.8820 0
1332.8820 1333.5390 0
1333.5390 1334.1960 0
1334.1960 1334.8530 0
1334.8530 1335.5100 0
1335.5100 1336.1669 0
1336.1669 1336.8239 0
1336.8239 1337.4809 0
1337.4809 1338.1379 0
1338.1379 1338.7949 0
1338.7949 1339.4519 0
1339.4519 1340.1088 0
1340.1088 1340.7658 0
1340.7658 1341.4228 0
1341.4228 1342.0798 0
1342.0798 1342.7368 0
1342.7368 1343.3938 0
1343.3938 1344.0507 0
1344.0507 1344.7077 0
1344.7077 1345.3647 0
1345.3647 1346.0217 0
1346.0217 1346.6787 0
1346.6787 1347.3357 0
1347.3357 1347.9926 0
1347.9926 1348.6496 0
1348.6496 1349.3066 0
1349.3066 1349.9636 0
1349.9636 1350.6206 0
1350.6206 1351.2776 0
1351.2776 1351.9345 0
1351.9345 1352.5915 0
1352.5915 1353.2485 0
1353.2485 1353.9055 0
1353.9055 1354.5625 0
1354.5625 1355.2195 0
1355.2195 1355.8764 0
1355.8764 1356.5334 0
1356.5334 1357.1904 0
1357.1904 1357.8474 0
1357.8474 1358.5044 0
1358.5044 1359.1614 0
1359.1614 1359.8184 0
1359.8184 1360.4753 0
1360.4753 1361.1323 0
1361.1323 1361.7893 0
1361.7893 1362.4463 0
1362.4463 1363.1033 0
1363.1033 1363.7603 0
1363.7603 1364.4172 0
1364.4172 1365.0742 0
1365.0742 1365.7312 0
1365.7312 1366.3882 0
1366.3882 1367.0452 0
1367.0452 1367.7022 0
1367.7022 1368.3591 0
1368.3591 1369.0161 0
1369.0161 1369.6731 0
1369.6731 1370.3301 0
1370.3301 1370.9871 0
1370.9871 1371.6441 0
1371.6441 1372.3010 0
1372.3010 1372.9580 0
1372.9580 1373.6150 0
1373.6150 1374.2720 0
1374.2720 1374.9290 0
1374.9290 1375.5860 0
1375.5860 1376.2429 0
1376.2429 1376.8999 0
1376.8999 1377.5569 0
1377.5569 1378.2139 0
1378.2139 1378.8709 0
1378.8709 1379.5279 0
1379.5279 1380.1848 0
1380.1848 1380.8418 0
1380.8418 1381.4988 0
1381.4988 1382.1558 0
1382.1558 1382.8128 0
1382.8128 1383.4698 0
1383.4698 1384.1268 0
1384.1268 1384.7837 0
1384.7837 1385.4407 0
1385.4407 1386.0977 0
1386.0977 1386.7547 0
1386.7547 1387.4117 0
1387.4117 1388.0687 0
1388.0687 1388.7256 0
1388.7256 1389.3826 0
1389.3826 1390.0396 0
1390.0396 1390.6966 1
1390.6966 1391.3536 0
1391.3536 1392.0106 0
1392.0106 1392.6675 0
1392.6675 1393.3245 0
1393.3245 1393.9815 0
1393.9815 1394.6385 0
1394.6385 1395.2955 0
1395.2955 1395.9525 0
1395.9525 1396.6094 0
1396.6094 1397.2664 0
1397.2664 1397.9234 0
1397.9234 1398.5804 0
1398.5804 1399.2374 0
1399.2374 1399.8944 0
1399.8944 1400.5513 0
1400.5513 1401.2083 0
1401.2083 1401.8653 0
1401.8653 1402.5223 0
1402.5223 1403.1793 0
1403.1793 1403.8363 0
1403.8363 1404.4932 0
1404.4932 1405.1502 0
1405.1502 1405.8072 0
1405.8072 1406.4642 0
1406.4642 1407.1212 1
1407.1212 1407.7782 0
1407.7782 1408.4352 1
1408.4352 1409.0921 0
1409.0921 1409.7491 0
1409.7491 1410.4061 0
1410.4061 1411.0631 0
1411.0631 1411.7201 0
1411.7201 1412.3771 0
1412.3771 1413.0340 0
1413.0340 1413.6910 0
1413.6910 1414.3480 0
1414.3480 1415.0050 0
1415.0050 1415.6620 0
1415.6620 1416.3190 0
1416.3190 1416.9759 0
1416.9759 1417.6329 0
1417.6329 1418.2899 0
1418.2899 1418.9469 0
1418.9469 1419.6039 1
1419.6039 1420.2609 0
1420.2609 1420.9178 0
1420.9178 1421.5748 0
1421.5748 1422.2318 0
1422.2318 1422.8888 0
1422.8888 1423.5458 0
1423.5458 1424.2028 0
1424.2028 1424.8597 0
1424.8597 1425.5167 0
1425.5167 1426.1737 0
1426.1737 1426.8307 0
1426.8307 1427.4877 0
1427.4877 1428.1447 0
1428.1447 1428.8016 0
1428.8016 1429.4586 0
1429.4586 1430.1156 0
1430.1156 1430.7726 0
1430.7726 1431.4296 0
1431.4296 1432.0866 0
1432.0866 1432.7436 0
1432.7436 1433.4005 0
1433.4005 1434.0575 0
1434.0575 1434.7145 0
1434.7145 1435.3715 0
1435.3715 1436.0285 0
1436.0285 1436.6855 0
1436.6855 1437.3424 0
1437.3424 1437.9994 0
1437.9994 1438.6564 0
1438.6564 1439.3134 0
1439.3134 1439.9704 0
1439.9704 1440.6274 0
1440.6274 1441.2843 0
1441.2843 1441.9413 0
1441.9413 1442.5983 0
1442.5983 1443.2553 0
1443.2553 1443.9123 0
1443.9123 1444.5693 0
1444.5693 1445.2262 0
1445.2262 1445.8832 0
1445.8832 1446.5402 0
1446.5402 1447.1972 0
1447.1972 1447.8542 0
1447.8542 1448.5112 0
1448.5112 1449.1681 0
1449.1681 1449.8251 1
1449.8251 1450.4821 0
1450.4821 1451.1391 0
1451.1391 1451.7961 0
1451.7961 1452.4531 0
1452.4531 1453.1100 0
1453.1100 1453.7670 0
1453.7670 1454.4240 0
1454.4240 1455.0810 0
1455.0810 1455.7380 0
1455.7380 1456.3950 0
1456.3950 1457.0519 0
1457.0519 1457.7089 0
1457.7089 1458.3659 0
1458.3659 1459.0229 0
1459.0229 1459.6799 0
1459.6799 1460.3369 0
1460.3369 1460.9939 0
1460.9939 1461.6508 0
1461.6508 1462.3078 0
1462.3078 1462.9648 0
1462.9648 1463.6218 0
1463.6218 1464.2788 0
1464.2788 1464.9358 0
1464.9358 1465.5927 0
1465.5927 1466.2497 0
1466.2497 1466.9067 0
1466.9067 1467.5637 0
1467.5637 1468.2207 0
1468.2207 1468.8777 0
1468.8777 1469.5346 0
1469.5346 1470.1916 0
1470.1916 1470.8486 0
1470.8486 1471.5056 0
1471.5056 1472.1626 0
1472.1626 1472.8196 0
1472.8196 1473.4765 0
1473.4765 1474.1335 0
1474.1335 1474.7905 0
1474.7905 1475.4475 0
1475.4475 1476.1045 0
1476.1045 1476.7615 0
1476.7615 1477.4184 0
1477.4184 1478.0754 0
1478.0754 1478.7324 0
1478.7324 1479.3894 0
1479.3894 1480.0464 0
1480.0464 1480.7034 0
1480.7034 1481.3603 0
1481.3603 1482.0173 0
1482.0173 1482.6743 0
1482.6743 1483.3313 0
1483.3313 1483.9883 0
1483.9883 1484.6453 0
1484.6453 1485.3023 0
1485.3023 1485.9592 0
1485.9592 1486.6162 0
1486.6162 1487.2732 0
1487.2732 1487.9302 0
1487.9302 1488.5872 0
1488.5872 1489.2442 0
1489.2442 1489.9011 0
1489.9011 1490.5581 0
1490.5581 1491.2151 0
1491.2151 1491.8721 0
1491.8721 1492.5291 0
1492.5291 1493.1861 0
1493.1861 1493.8430 0
1493.8430 1494.5000 0
1494.5000 1495.1570 0
1495.1570 1495.8140 0
1495.8140 1496.4710 0
1496.4710 1497.1280 0
1497.1280 1497.7849 0
1497.7849 1498.4419 0
1498.4419 1499.0989 0
1499.0989 1499.7559 0
1499.7559 1500.4129 0
1500.4129 1501.0699 0
1501.0699 1501.7268 0
1501.7268 1502.3838 0
1502.3838 1503.0408 0
1503.0408 1503.6978 0
1503.6978 1504.3548 0
1504.3548 1505.0118 0
1505.0118 1505.6687 0
1505.6687 1506.3257 0
1506.3257 1506.9827 0
1506.9827 1507.6397 0
1507.6397 1508.2967 0
1508.2967 1508.9537 0
1508.9537 1509.6107 0
1509.6107 1510.2676 0
1510.2676 1510.9246 0
1510.9246 1511.5816 0
1511.5816 1512.2386 0
1512.2386 1512.8956 0
1512.8956 1513.5526 0
1513.5526 1514.2095 0
1514.2095 1514.8665 0
1514.8665 1515.5235 0
1515.5235 1516.1805 0
1516.1805 1516.8375 0
1516.8375 1517.4945 0
1517.4945 1518.1514 0
1518.1514 1518.8084 0
1518.8084 1519.4654 0
1519.4654 1520.1224 0
1520.1224 1520.7794 0
1520.7794 1521.4364 0
1521.4364 1522.0933 0
1522.0933 1522.7503 0
1522.7503 1523.4073 0
1523.4073 1524.0643 0
1524.0643 1524.7213 0
1524.7213 1525.3783 0
1525.3783 1526.0352 0
1526.0352 1526.6922 0
1526.6922 1527.3492 0
1527.3492 1528.0062 0
1528.0062 1528.6632 0
1528.6632 1529.3202 0
1529.3202 1529.9771 0
1529.9771 1530.6341 0
1530.6341 1531.2911 0
1531.2911 1531.9481 0
1531.9481 1532.6051 0
1532.6051 1533.2621 0
1533.2621 1533.9191 0
1533.9191 1534.5760 0
1534.5760 1535.2330 0
1535.2330 1535.8900 0
1535.8900 1536.5470 0
1536.5470 1537.2040 0
1537.2040 1537.8610 0
1537.8610 1538.5179 0
1538.5179 1539.1749 0
1539.1749 1539.8319 0
1539.8319 1540.4889 0
1540.4889 1541.1459 0
1541.1459 1541.8029 0
1541.8029 1542.4598 1
1542.4598 1543.1168 0
1543.1168 1543.7738 0
1543.7738 1544.4308 0
1544.4308 1545.0878 0
1545.0878 1545.7448 0
1545.7448 1546.4017 0
1546.4017 1547.0587 0
1547.0587 1547.7157 0
1547.7157 1548.3727 0
1548.3727 1549.0297 0
1549.0297 1549.6867 0
1549.6867 1550.3436 0
1550.3436 1551.0006 0
1551.0006 1551.6576 0
1551.6576 1552.3146 0
1552.3146 1552.9716 0
1552.9716 1553.6286 0
1553.6286 1554.2855 0
1554.2855 1554.9425 0
1554.9425 1555.5995 0
1555.5995 1556.2565 0
1556.2565 1556.9135 0
1556.9135 1557.5705 0
1557.5705 1558.2275 0
1558.2275 1558.8844 0
1558.8844 1559.5414 0
1559.5414 1560.1984 0
1560.1984 1560.8554 0
1560.8554 1561.5124 0
1561.5124 1562.1694 0
1562.1694 1562.8263 0
1562.8263 1563.4833 0
1563.4833 1564.1403 0
1564.1403 1564.7973 1
1564.7973 1565.4543 0
1565.4543 1566.1113 0
1566.1113 1566.7682 0
1566.7682 1567.4252 0
1567.4252 1568.0822 0
1568.0822 1568.7392 0
1568.7392 1569.3962 0
1569.3962 1570.0532 0
1570.0532 1570.7101 0
1570.7101 1571.3671 0
1571.3671 1572.0241 0
1572.0241 1572.6811 0
1572.6811 1573.3381 0
1573.3381 1573.9951 0
1573.9951 1574.6520 0
1574.6520 1575.3090 0
1575.3090 1575.9660 0
1575.9660 1576.6230 0
1576.6230 1577.2800 0
1577.2800 1577.9370 0
1577.9370 1578.5939 0
1578.5939 1579.2509 0
1579.2509 1579.9079 0
1579.9079 1580.5649 0
1580.5649 1581.2219 0
1581.2219 1581.8789 0
1581.8789 1582.5358 0
1582.5358 1583.1928 0
1583.1928 1583.8498 0
1583.8498 1584.5068 0
1584.5068 1585.1638 0
1585.1638 1585.8208 0
1585.8208 1586.4778 0
1586.4778 1587.1347 0
1587.1347 1587.7917 0
1587.7917 1588.4487 0
1588.4487 1589.1057 0
1589.1057 1589.7627 0
1589.7627 1590.4197 0
1590.4197 1591.0766 0
1591.0766 1591.7336 0
1591.7336 1592.3906 0
1592.3906 1593.0476 0
1593.0476 1593.7046 0
1593.7046 1594.3616 0
1594.3616 1595.0185 0
1595.0185 1595.6755 0
1595.6755 1596.3325 0
1596.3325 1596.9895 0
1596.9895 1597.6465 0
1597.6465 1598.3035 0
1598.3035 1598.9604 0
1598.9604 1599.6174 0
1599.6174 1600.2744 0
1600.2744 1600.9314 0
1600.9314 1601.5884 0
1601.5884 1602.2454 0
1602.2454 1602.9023 0
1602.9023 1603.5593 0
1603.5593 1604.2163 0
1604.2163 1604.8733 0
1604.8733 1605.5303 0
1605.5303 1606.1873 0
1606.1873 1606.8442 0
1606.8442 1607.5012 0
1607.5012 1608.1582 0
1608.1582 1608.8152 1
1608.8152 1609.4722 0
1609.4722 1610.1292 1
1610.1292 1610.7862 0
1610.7862 1611.4431 0
1611.4431 1612.1001 0
1612.1001 1612.7571 0
1612.7571 1613.4141 0
1613.4141 1614.0711 0
1614.0711 1614.7281 0
1614.7281 1615.3850 0
1615.3850 1616.0420 0
1616.0420 1616.6990 0
1616.6990 1617.3560 0
1617.3560 1618.0130 0
1618.0130 1618.6700 0
1618.6700 1619.3269 0
1619.3269 1619.9839 0
1619.9839 1620.6409 0
1620.6409 1621.2979 0
1621.2979 1621.9549 0
1621.9549 1622.6119 0
1622.6119 1623.2688 0
1623.2688 1623.9258 0
1623.9258 1624.5828 0
1624.5828 1625.2398 0
1625.2398 1625.8968 0
1625.8968 1626.5538 0
1626.5538 1627.2107 0
1627.2107 1627.8677 0
1627.8677 1628.5247 0
1628.5247 1629.1817 0
1629.1817 1629.8387 0
1629.8387 1630.4957 0
1630.4957 1631.1526 0
1631.1526 1631.8096 0
1631.8096 1632.4666 0
1632.4666 1633.1236 0
1633.1236 1633.7806 0
1633.7806 1634.4376 0
1634.4376 1635.0946 0
1635.0946 1635.7515 0
1635.7515 1636.4085 0
1636.4085 1637.0655 0
1637.0655 1637.7225 0
1637.7225 1638.3795 0
1638.3795 1639.0365 0
1639.0365 1639.6934 0
1639.6934 1640.3504 1
1640.3504 1641.0074 0
1641.0074 1641.6644 0
1641.6644 1642.3214 0
1642.3214 1642.9784 0
1642.9784 1643.6353 0
1643.6353 1644.2923 0
1644.2923 1644.9493 0
1644.9493 1645.6063 0
1645.6063 1646.2633 0
1646.2633 1646.9203 0
1646.9203 1647.5772 0
1647.5772 1648.2342 0
1648.2342 1648.8912 0
1648.8912 1649.5482 0
1649.5482 1650.2052 0
1650.2052 1650.8622 0
1650.8622 1651.5191 0
1651.5191 1652.1761 0
1652.1761 1652.8331 0
1652.8331 1653.4901 0
1653.4901 1654.1471 0
1654.1471 1654.8041 0
1654.8041 1655.4610 0
1655.4610 1656.1180 0
1656.1180 1656.7750 0
1656.7750 1657.4320 0
1657.4320 1658.0890 0
1658.0890 1658.7460 0
1658.7460 1659.4030 0
1659.4030 1660.0599 0
1660.0599 1660.7169 0
1660.7169 1661.3739 0
1661.3739 1662.0309 0
1662.0309 1662.6879 0
1662.6879 1663.3449 0
1663.3449 1664.0018 0
1664.0018 1664.6588 0
1664.6588 1665.3158 0
1665.3158 1665.9728 0
1665.9728 1666.6298 0
1666.6298 1667.2868 0
1667.2868 1667.9437 0
1667.9437 1668.6007 0
1668.6007 1669.2577 0
1669.2577 1669.9147 0
1669.9147 1670.5717 0
1670.5717 1671.2287 0
1671.2287 1671.8856 0
1671.8856 1672.5426 0
1672.5426 1673.1996 0
1673.1996 1673.8566 0
1673.8566 1674.5136 0
1674.5136 1675.1706 0
1675.1706 1675.8275 0
1675.8275 1676.4845 0
1676.4845 1677.1415 0
1677.1415 1677.7985 0
1677.7985 1678.4555 0
1678.4555 1679.1125 0
1679.1125 1679.7694 0
1679.7694 1680.4264 0
1680.4264 1681.0834 0
1681.0834 1681.7404 0
1681.7404 1682.3974 0
1682.3974 1683.0544 0
1683.0544 1683.7114 0
1683.7114 1684.3683 0
1684.3683 1685.0253 0
1685.0253 1685.6823 0
1685.6823 1686.3393 0
1686.3393 1686.9963 0
1686.9963 1687.6533 0
1687.6533 1688.3102 0
1688.3102 1688.9672 0
1688.9672 1689.6242 0
1689.6242 1690.2812 0
1690.2812 1690.9382 0
1690.9382 1691.5952 0
1691.5952 1692.2521 0
1692.2521 1692.9091 0
1692.9091 1693.5661 0
1693.5661 1694.2231 0
1694.2231 1694.8801 0
1694.8801 1695.5371 0
1695.5371 1696.1940 0
1696.1940 1696.8510 0
1696.8510 1697.5080 0
1697.5080 1698.1650 0
1698.1650 1698.8220 0
1698.8220 1699.4790 0
1699.4790 1700.1359 0
1700.1359 1700.7929 0
1700.7929 1701.4499 0
1701.4499 1702.1069 0
1702.1069 1702.7639 0
1702.7639 1703.4209 0
1703.4209 1704.0778 0
1704.0778 1704.7348 0
1704.7348 1705.3918 0
1705.3918 1706.0488 0
1706.0488 1706.7058 0
1706.7058 1707.3628 0
1707.3628 1708.0197 0
1708.0197 1708.6767 0
1708.6767 1709.3337 0
1709.3337 1709.9907 0
1709.9907 1710.6477 0
1710.6477 1711.3047 0
1711.3047 1711.9617 0
1711.9617 1712.6186 0
1712.6186 1713.2756 0
1713.2756 1713.9326 0
1713.9326 1714.5896 0
1714.5896 1715.2466 0
1715.2466 1715.9036 0
1715.9036 1716.5605 0
1716.5605 1717.2175 0
1717.2175 1717.8745 0
1717.8745 1718.5315 1
1718.5315 1719.1885 0
1719.1885 1719.8455 0
1719.8455 1720.5024 0
1720.5024 1721.1594 0
1721.1594 1721.8164 0
1721.8164 1722.4734 0
1722.4734 1723.1304 0
1723.1304 1723.7874 0
1723.7874 1724.4443 0
1724.4443 1725.1013 0
1725.1013 1725.7583 0
1725.7583 1726.4153 0
1726.4153 1727.0723 0
1727.0723 1727.7293 0
1727.7293 1728.3862 0
1728.3862 1729.0432 0
1729.0432 1729.7002 0
1729.7002 1730.3572 0
1730.3572 1731.0142 0
1731.0142 1731.6712 0
1731.6712 1732.3281 0
1732.3281 1732.9851 0
1732.9851 1733.6421 0
1733.6421 1734.2991 0
1734.2991 1734.9561 0
1734.9561 1735.6131 0
1735.6131 1736.2701 0
1736.2701 1736.9270 0
1736.9270 1737.5840 0
1737.5840 1738.2410 0
1738.2410 1738.8980 0
1738.8980 1739.5550 0
1739.5550 1740.2120 0
1740.2120 1740.8689 0
1740.8689 1741.5259 0
1741.5259 1742.1829 0
1742.1829 1742.8399 0
1742.8399 1743.4969 0
1743.4969 1744.1539 0
1744.1539 1744.8108 0
1744.8108 1745.4678 0
1745.4678 1746.1248 0
1746.1248 1746.7818 0
1746.7818 1747.4388 0
1747.4388 1748.0958 0
1748.0958 1748.7527 0
1748.7527 1749.4097 0
1749.4097 1750.0667 0
1750.0667 1750.7237 0
1750.7237 1751.3807 0
1751.3807 1752.0377 0
1752.0377 1752.6946 0
1752.6946 1753.3516 0
1753.3516 1754.0086 0
1754.0086 1754.6656 0
1754.6656 1755.3226 0
1755.3226 1755.9796 0
1755.9796 1756.6365 0
1756.6365 1757.2935 0
1757.2935 1757.9505 0
1757.9505 1758.6075 0
1758.6075 1759.2645 0
1759.2645 1759.9215 0
1759.9215 1760.5785 0
1760.5785 1761.2354 0
1761.2354 1761.8924 0
1761.8924 1762.5494 0
1762.5494 1763.2064 0
1763.2064 1763.8634 0
1763.8634 1764.5204 0
1764.5204 1765.1773 0
1765.1773 1765.8343 0
1765.8343 1766.4913 0
1766.4913 1767.1483 0
1767.1483 1767.8053 0
1767.8053 1768.4623 0
1768.4623 1769.1192 0
1769.1192 1769.7762 0
1769.7762 1770.4332 0
1770.4332 1771.0902 0
1771.0902 1771.7472 0
1771.7472 1772.4042 0
1772.4042 1773.0611 0
1773.0611 1773.7181 0
1773.7181 1774.3751 0
1774.3751 1775.0321 0
1775.0321 1775.6891 0
1775.6891 1776.3461 0
1776.3461 1777.0030 0
1777.0030 1777.6600 0
1777.6600 1778.3170 0
1778.3170 1778.9740 0
1778.9740 1779.6310 0
1779.6310 1780.2880 0
1780.2880 1780.9449 0
1780.9449 1781.6019 0
1781.6019 1782.2589 0
1782.2589 1782.9159 0
1782.9159 1783.5729 0
1783.5729 1784.2299 0
1784.2299 1784.8869 0
1784.8869 1785.5438 0
1785.5438 1786.2008 0
1786.2008 1786.8578 0
1786.8578 1787.5148 0
1787.5148 1788.1718 0
1788.1718 1788.8288 0
1788.8288 1789.4857 0
1789.4857 1790.1427 0
1790.1427 1790.7997 0
1790.7997 1791.4567 0
1791.4567 1792.1137 0
1792.1137 1792.7707 0
1792.7707 1793.4276 0
1793.4276 1794.0846 0
1794.0846 1794.7416 0
1794.7416 1795.3986 0
1795.3986 1796.0556 0
1796.0556 1796.7126 0
1796.7126 1797.3695 0
1797.3695 1798.0265 0
1798.0265 1798.6835 0
1798.6835 1799.3405 0
1799.3405 1799.9975 0
1799.9975 1800.6545 0
1800.6545 1801.3114 0
1801.3114 1801.9684 0
1801.9684 1802.6254 0
1802.6254 1803.2824 0
1803.2824 1803.9394 0
1803.9394 1804.5964 0
1804.5964 1805.2533 0
1805.2533 1805.9103 0
1805.9103 1806.5673 0
1806.5673 1807.2243 0
1807.2243 1807.8813 0
1807.8813 1808.5383 0
1808.5383 1809.1952 0
1809.1952 1809.8522 0
1809.8522 1810.5092 0
1810.5092 1811.1662 0
1811.1662 1811.8232 0
1811.8232 1812.4802 0
1812.4802 1813.1372 0
1813.1372 1813.7941 0
1813.7941 1814.4511 0
1814.4511 1815.1081 0
1815.1081 1815.7651 0
1815.7651 1816.4221 0
1816.4221 1817.0791 0
1817.0791 1817.7360 0
1817.7360 1818.3930 0
1818.3930 1819.0500 0
1819.0500 1819.7070 0
1819.7070 1820.3640 0
1820.3640 1821.0210 0
1821.0210 1821.6779 0
1821.6779 1822.3349 0
1822.3349 1822.9919 0
1822.9919 1823.6489 0
1823.6489 1824.3059 0
1824.3059 1824.9629 0
1824.9629 1825.6198 0
1825.6198 1826.2768 0
1826.2768 1826.9338 0
1826.9338 1827.5908 0
1827.5908 1828.2478 0
1828.2478 1828.9048 0
1828.9048 1829.5617 0
1829.5617 1830.2187 0
1830.2187 1830.8757 0
1830.8757 1831.5327 0
1831.5327 1832.1897 0
1832.1897 1832.8467 0
1832.8467 1833.5036 0
1833.5036 1834.1606 0
1834.1606 1834.8176 0
1834.8176 1835.4746 0
1835.4746 1836.1316 0
1836.1316 1836.7886 0
1836.7886 1837.4456 0
1837.4456 1838.1025 0
1838.1025 1838.7595 0
1838.7595 1839.4165 0
1839.4165 1840.0735 0
1840.0735 1840.7305 0
1840.7305 1841.3875 0
1841.3875 1842.0444 0
1842.0444 1842.7014 0
1842.7014 1843.3584 0
1843.3584 1844.0154 0
1844.0154 1844.6724 0
1844.6724 1845.3294 0
1845.3294 1845.9863 0
1845.9863 1846.6433 0
1846.6433 1847.3003 0
1847.3003 1847.9573 0
1847.9573 1848.6143 0
1848.6143 1849.2713 0
1849.2713 1849.9282 0
1849.9282 1850.5852 0
1850.5852 1851.2422 0
1851.2422 1851.8992 0
1851.8992 1852.5562 0
1852.5562 1853.2132 0
1853.2132 1853.8701 0
1853.8701 1854.5271 0
1854.5271 1855.1841 0
1855.1841 1855.8411 0
1855.8411 1856.4981 0
1856.4981 1857.1551 0
1857.1551 1857.8120 0
1857.8120 1858.4690 0
1858.4690 1859.1260 0
1859.1260 1859.7830 0
1859.7830 1860.4400 0
1860.4400 1861.0970 0
1861.0970 1861.7540 0
1861.7540 1862.4109 0
1862.4109 1863.0679 0
1863.0679 1863.7249 0
1863.7249 1864.3819 0
1864.3819 1865.0389 0
1865.0389 1865.6959 0
1865.6959 1866.3528 0
1866.3528 1867.0098 0
1867.0098 1867.6668 0
1867.6668 1868.3238 0
1868.3238 1868.9808 0
1868.9808 1869.6378 0
1869.6378 1870.2947 0
1870.2947 1870.9517 1
1870.9517 1871.6087 0
1871.6087 1872.2657 0
1872.2657 1872.9227 0
1872.9227 1873.5797 0
1873.5797 1874.2366 0
1874.2366 1874.8936 0
1874.8936 1875.5506 0
1875.5506 1876.2076 0
1876.2076 1876.8646 0
1876.8646 1877.5216 0
1877.5216 1878.1785 0
1878.1785 1878.8355 0
1878.8355 1879.4925 0
1879.4925 1880.1495 0
1880.1495 1880.8065 0
1880.8065 1881.4635 0
1881.4635 1882.1204 0
1882.1204 1882.7774 0
1882.7774 1883.4344 0
1883.4344 1884.0914 0
1884.0914 1884.7484 0
1884.7484 1885.4054 0
1885.4054 1886.0624 0
1886.0624 1886.7193 0
1886.7193 1887.3763 0
1887.3763 1888.0333 0
1888.0333 1888.6903 0
1888.6903 1889.3473 0
1889.3473 1890.0043 0
1890.0043 1890.6612 0
1890.6612 1891.3182 0
1891.3182 1891.9752 0
1891.9752 1892.6322 0
1892.6322 1893.2892 0
1893.2892 1893.9462 0
1893.9462 1894.6031 0
1894.6031 1895.2601 0
1895.2601 1895.9171 0
1895.9171 1896.5741 0
1896.5741 1897.2311 0
1897.2311 1897.8881 0
1897.8881 1898.5450 0
1898.5450 1899.2020 0
1899.2020 1899.8590 0
1899.8590 1900.5160 0
1900.5160 1901.1730 0
1901.1730 1901.8300 0
1901.8300 1902.4869 0
1902.4869 1903.1439 0
1903.1439 1903.8009 0
1903.8009 1904.4579 0
1904.4579 1905.1149 0
1905.1149 1905.7719 0
1905.7719 1906.4288 0
1906.4288 1907.0858 0
1907.0858 1907.7428 0
1907.7428 1908.3998 0
1908.3998 1909.0568 0
1909.0568 1909.7138 0
1909.7138 1910.3708 0
1910.3708 1911.0277 0
1911.0277 1911.6847 0
1911.6847 1912.3417 0
1912.3417 1912.9987 0
1912.9987 1913.6557 0
1913.6557 1914.3127 0
1914.3127 1914.9696 0
1914.9696 1915.6266 0
1915.6266 1916.2836 0
1916.2836 1916.9406 0
1916.9406 1917.5976 0
1917.5976 1918.2546 0
1918.2546 1918.9115 0
1918.9115 1919.5685 0
1919.5685 1920.2255 0
1920.2255 1920.8825 0
1920.8825 1921.5395 0
1921.5395 1922.1965 0
1922.1965 1922.8534 0
1922.8534 1923.5104 0
1923.5104 1924.1674 0
1924.1674 1924.8244 0
1924.8244 1925.4814 0
1925.4814 1926.1384 0
1926.1384 1926.7953 0
1926.7953 1927.4523 0
1927.4523 1928.1093 0
1928.1093 1928.7663 0
1928.7663 1929.4233 0
1929.4233 1930.0803 0
1930.0803 1930.7372 0
1930.7372 1931.3942 0
1931.3942 1932.0512 0
1932.0512 1932.7082 0
1932.7082 1933.3652 0
1933.3652 1934.0222 0
1934.0222 1934.6791 0
1934.6791 1935.3361 0
1935.3361 1935.9931 0
1935.9931 1936.6501 0
1936.6501 1937.3071 0
1937.3071 1937.9641 0
1937.9641 1938.6211 0
1938.6211 1939.2780 0
1939.2780 1939.9350 0
1939.9350 1940.5920 0
1940.5920 1941.2490 0
1941.2490 1941.9060 0
1941.9060 1942.5630 0
1942.5630 1943.2199 0
1943.2199 1943.8769 0
1943.8769 1944.5339 0
1944.5339 1945.1909 0
1945.1909 1945.8479 1
1945.8479 1946.5049 0
1946.5049 1947.1618 0
1947.1618 1947.8188 0
1947.8188 1948.4758 0
1948.4758 1949.1328 0
1949.1328 1949.7898 0
1949.7898 1950.4468 0
1950.4468 1951.1037 0
1951.1037 1951.7607 0
1951.7607 1952.4177 0
1952.4177 1953.0747 0
1953.0747 1953.7317 0
1953.7317 1954.3887 0
1954.3887 1955.0456 0
1955.0456 1955.7026 0
1955.7026 1956.3596 0
1956.3596 1957.0166 0
1957.0166 1957.6736 0
1957.6736 1958.3306 0
1958.3306 1958.9875 0
1958.9875 1959.6445 0
1959.6445 1960.3015 0
1960.3015 1960.9585 0
1960.9585 1961.6155 0
1961.6155 1962.2725 0
1962.2725 1962.9295 0
1962.9295 1963.5864 0
1963.5864 1964.2434 0
1964.2434 1964.9004 0
1964.9004 1965.5574 0
1965.5574 1966.2144 0
1966.2144 1966.8714 0
1966.8714 1967.5283 0
1967.5283 1968.1853 0
1968.1853 1968.8423 0
1968.8423 1969.4993 0
1969.4993 1970.1563 0
1970.1563 1970.8133 0
1970.8133 1971.4702 0
1971.4702 1972.1272 0
1972.1272 1972.7842 0
1972.7842 1973.4412 0
1973.4412 1974.0982 0
1974.0982 1974.7552 0
1974.7552 1975.4121 0
1975.4121 1976.0691 0
1976.0691 1976.7261 0
1976.7261 1977.3831 0
1977.3831 1978.0401 0
1978.0401 1978.6971 0
1978.6971 1979.3540 0
1979.3540 1980.0110 0
1980.0110 1980.6680 0
1980.6680 1981.3250 0
1981.3250 1981.9820 0
1981.9820 1982.6390 0
1982.6390 1983.2959 0
1983.2959 1983.9529 0
1983.9529 1984.6099 0
1984.6099 1985.2669 0
1985.2669 1985.9239 0
1985.9239 1986.5809 0
1986.5809 1987.2379 0
1987.2379 1987.8948 0
1987.8948 1988.5518 0
1988.5518 1989.2088 0
1989.2088 1989.8658 0
1989.8658 1990.5228 0
1990.5228 1991.1798 0
1991.1798 1991.8367 0
1991.8367 1992.4937 0
1992.4937 1993.1507 0
1993.1507 1993.8077 0
1993.8077 1994.4647 0
1994.4647 1995.1217 0
1995.1217 1995.7786 0
1995.7786 1996.4356 0
1996.4356 1997.0926 0
1997.0926 1997.7496 0
1997.7496 1998.4066 0
1998.4066 1999.0636 0
1999.0636 1999.7205 0
1999.7205 2000.3775 0
2000.3775 2001.0345 0
2001.0345 2001.6915 0
2001.6915 2002.3485 0
2002.3485 2003.0055 0
2003.0055 2003.6624 0
2003.6624 2004.3194 0
2004.3194 2004.9764 0
2004.9764 2005.6334 0
2005.6334 2006.2904 0
2006.2904 2006.9474 0
2006.9474 2007.6043 0
2007.6043 2008.2613 0
2008.2613 2008.9183 0
2008.9183 2009.5753 0
2009.5753 2010.2323 0
2010.2323 2010.8893 0
2010.8893 2011.5463 0
2011.5463 2012.2032 0
2012.2032 2012.8602 0
2012.8602 2013.5172 0
2013.5172 2014.1742 0
2014.1742 2014.8312 0
2014.8312 2015.4882 0
2015.4882 2016.1451 0
2016.1451 2016.8021 0
2016.8021 2017.4591 0
2017.4591 2018.1161 0
2018.1161 2018.7731 0
2018.7731 2019.4301 0
2019.4301 2020.0870 0
2020.0870 2020.7440 0
2020.7440 2021.4010 0
2021.4010 2022.0580 0
2022.0580 2022.7150 0
2022.7150 2023.3720 0
2023.3720 2024.0289 0
2024.0289 2024.6859 0
2024.6859 2025.3429 0
2025.3429 2025.9999 0
2025.9999 2026.6569 0
2026.6569 2027.3139 0
2027.3139 2027.9708 0
2027.9708 2028.6278 0
2028.6278 2029.2848 0
2029.2848 2029.9418 0
2029.9418 2030.5988 0
2030.5988 2031.2558 0
2031.2558 2031.9127 0
2031.9127 2032.5697 0
2032.5697 2033.2267 0
2033.2267 2033.8837 0
2033.8837 2034.5407 0
2034.5407 2035.1977 0
2035.1977 2035.8547 0
2035.8547 2036.5116 0
2036.5116 2037.1686 0
2037.1686 2037.8256 0
2037.8256 2038.4826 0
2038.4826 2039.1396 0
2039.1396 2039.7966 0
2039.7966 2040.4535 0
2040.4535 2041.1105 0
2041.1105 2041.7675 0
2041.7675 2042.4245 0
2042.4245 2043.0815 0
2043.0815 2043.7385 0
2043.7385 2044.3954 0
2044.3954 2045.0524 0
2045.0524 2045.7094 0
2045.7094 2046.3664 0
2046.3664 2047.0234 0
2047.0234 2047.6804 0
2047.6804 2048.3373 0
2048.3373 2048.9943 1
2048.9943 2049.6513 0
2049.6513 2050.3083 0
2050.3083 2050.9653 0
2050.9653 2051.6223 0
2051.6223 2052.2792 0
2052.2792 2052.9362 0
2052.9362 2053.5932 0
2053.5932 2054.2502 0
2054.2502 2054.9072 0
2054.9072 2055.5642 0
2055.5642 2056.2211 0
2056.2211 2056.8781 0
2056.8781 2057.5351 0
2057.5351 2058.1921 0
2058.1921 2058.8491 0
2058.8491 2059.5061 0
2059.5061 2060.1630 0
2060.1630 2060.8200 0
2060.8200 2061.4770 0
2061.4770 2062.1340 0
2062.1340 2062.7910 0
2062.7910 2063.4480 0
2063.4480 2064.1050 0
2064.1050 2064.7619 0
2064.7619 2065.4189 0
2065.4189 2066.0759 0
2066.0759 2066.7329 0
2066.7329 2067.3899 0
2067.3899 2068.0469 0
2068.0469 2068.7038 0
2068.7038 2069.3608 0
2069.3608 2070.0178 0
2070.0178 2070.6748 0
2070.6748 2071.3318 0
2071.3318 2071.9888 0
2071.9888 2072.6457 0
2072.6457 2073.3027 0
2073.3027 2073.9597 0
2073.9597 2074.6167 0
2074.6167 2075.2737 0
2075.2737 2075.9307 0
2075.9307 2076.5876 0
2076.5876 2077.2446 0
2077.2446 2077.9016 0
2077.9016 2078.5586 0
2078.5586 2079.2156 0
2079.2156 2079.8726 0
2079.8726 2080.5295 0
2080.5295 2081.1865 0
2081.1865 2081.8435 0
2081.8435 2082.5005 0
2082.5005 2083.1575 0
2083.1575 2083.8145 0
2083.8145 2084.4714 0
2084.4714 2085.1284 0
2085.1284 2085.7854 0
2085.7854 2086.4424 0
2086.4424 2087.0994 0
2087.0994 2087.7564 0
2087.7564 2088.4134 0
2088.4134 2089.0703 0
2089.0703 2089.7273 0
2089.7273 2090.3843 0
2090.3843 2091.0413 0
2091.0413 2091.6983 0
2091.6983 2092.3553 0
2092.3553 2093.0122 0
2093.0122 2093.6692 1
2093.6692 2094.3262 0
2094.3262 2094.9832 0
2094.9832 2095.6402 0
2095.6402 2096.2972 0
2096.2972 2096.9541 0
2096.9541 2097.6111 0
2097.6111 2098.2681 0
2098.2681 2098.9251 0
2098.9251 2099.5821 0
2099.5821 2100.2391 0
2100.2391 2100.8960 0
2100.8960 2101.5530 0
2101.5530 2102.2100 0
2102.2100 2102.8670 0
2102.8670 2103.5240 0
2103.5240 2104.1810 0
2104.1810 2104.8379 0
2104.8379 2105.4949 0
2105.4949 2106.1519 0
2106.1519 2106.8089 0
2106.8089 2107.4659 0
2107.4659 2108.1229 0
2108.1229 2108.7798 0
2108.7798 2109.4368 0
2109.4368 2110.0938 0
2110.0938 2110.7508 0
2110.7508 2111.4078 0
2111.4078 2112.0648 0
2112.0648 2112.7218 0
2112.7218 2113.3787 0
2113.3787 2114.0357 0
2114.0357 2114.6927 0
2114.6927 2115.3497 0
2115.3497 2116.0067 0
2116.0067 2116.6637 0
2116.6637 2117.3206 0
2117.3206 2117.9776 0
2117.9776 2118.6346 0
2118.6346 2119.2916 0
2119.2916 2119.9486 0
2119.9486 2120.6056 0
2120.6056 2121.2625 0
2121.2625 2121.9195 0
2121.9195 2122.5765 0
2122.5765 2123.2335 0
2123.2335 2123.8905 0
2123.8905 2124.5475 0
2124.5475 2125.2044 0
2125.2044 2125.8614 0
2125.8614 2126.5184 0
2126.5184 2127.1754 0
2127.1754 2127.8324 0
2127.8324 2128.4894 0
2128.4894 2129.1463 0
2129.1463 2129.8033 0
2129.8033 2130.4603 0
2130.4603 2131.1173 0
2131.1173 2131.7743 0
2131.7743 2132.4313 0
2132.4313 2133.0882 0
2133.0882 2133.7452 0
2133.7452 2134.4022 0
2134.4022 2135.0592 0
2135.0592 2135.7162 0
2135.7162 2136.3732 0
2136.3732 2137.0302 0
2137.0302 2137.6871 0
2137.6871 2138.3441 0
2138.3441 2139.0011 0
2139.0011 2139.6581 0
2139.6581 2140.3151 0
2140.3151 2140.9721 0
2140.9721 2141.6290 0
2141.6290 2142.2860 0
2142.2860 2142.9430 0
2142.9430 2143.6000 0
2143.6000 2144.2570 0
2144.2570 2144.9140 0
2144.9140 2145.5709 0
2145.5709 2146.2279 0
2146.2279 2146.8849 0
2146.8849 2147.5419 0
2147.5419 2148.1989 0
2148.1989 2148.8559 0
2148.8559 2149.5128 0
2149.5128 2150.1698 0
2150.1698 2150.8268 0
2150.8268 2151.4838 0
2151.4838 2152.1408 0
2152.1408 2152.7978 0
2152.7978 2153.4547 0
2153.4547 2154.1117 0
2154.1117 2154.7687 0
2154.7687 2155.4257 0
2155.4257 2156.0827 0
2156.0827 2156.7397 0
2156.7397 2157.3966 0
2157.3966 2158.0536 0
2158.0536 2158.7106 0
2158.7106 2159.3676 0
2159.3676 2160.0246 0
2160.0246 2160.6816 0
2160.6816 2161.3386 0
2161.3386 2161.9955 0
2161.9955 2162.6525 0
2162.6525 2163.3095 0
2163.3095 2163.9665 0
2163.9665 2164.6235 0
2164.6235 2165.2805 0
2165.2805 2165.9374 0
2165.9374 2166.5944 0
2166.5944 2167.2514 0
2167.2514 2167.9084 0
2167.9084 2168.5654 0
2168.5654 2169.2224 0
2169.2224 2169.8793 0
2169.8793 2170.5363 0
2170.5363 2171.1933 0
2171.1933 2171.8503 0
2171.8503 2172.5073 0
2172.5073 2173.1643 0
2173.1643 2173.8212 0
2173.8212 2174.4782 0
2174.4782 2175.1352 0
2175.1352 2175.7922 0
2175.7922 2176.4492 0
2176.4492 2177.1062 0
2177.1062 2177.7631 0
2177.7631 2178.4201 0
2178.4201 2179.0771 0
2179.0771 2179.7341 0
2179.7341 2180.3911 0
2180.3911 2181.0481 0
2181.0481 2181.7050 0
2181.7050 2182.3620 0
2182.3620 2183.0190 0
2183.0190 2183.6760 0
2183.6760 2184.3330 0
2184.3330 2184.9900 0
2184.9900 2185.6469 0
2185.6469 2186.3039 0
2186.3039 2186.9609 0
2186.9609 2187.6179 0
2187.6179 2188.2749 0
2188.2749 2188.9319 0
2188.9319 2189.5889 0
2189.5889 2190.2458 0
2190.2458 2190.9028 0
2190.9028 2191.5598 0
2191.5598 2192.2168 0
2192.2168 2192.8738 0
2192.8738 2193.5308 0
2193.5308 2194.1877 0
2194.1877 2194.8447 0
2194.8447 2195.5017 0
2195.5017 2196.1587 0
2196.1587 2196.8157 0
2196.8157 2197.4727 0
2197.4727 2198.1296 0
2198.1296 2198.7866 0
2198.7866 2199.4436 0
2199.4436 2200.1006 0
2200.1006 2200.7576 0
2200.7576 2201.4146 0
2201.4146 2202.0715 0
2202.0715 2202.7285 0
2202.7285 2203.3855 0
2203.3855 2204.0425 0
2204.0425 2204.6995 0
2204.6995 2205.3565 0
2205.3565 2206.0134 0
2206.0134 2206.6704 0
2206.6704 2207.3274 0
2207.3274 2207.9844 0
2207.9844 2208.6414 0
2208.6414 2209.2984 0
2209.2984 2209.9553 0
2209.9553 2210.6123 0
2210.6123 2211.2693 0
2211.2693 2211.9263 0
2211.9263 2212.5833 0
2212.5833 2213.2403 0
2213.2403 2213.8973 0
2213.8973 2214.5542 0
2214.5542 2215.2112 0
2215.2112 2215.8682 0
2215.8682 2216.5252 0
2216.5252 2217.1822 0
2217.1822 2217.8392 0
2217.8392 2218.4961 0
2218.4961 2219.1531 0
2219.1531 2219.8101 0
2219.8101 2220.4671 0
2220.4671 2221.1241 0
2221.1241 2221.7811 0
2221.7811 2222.4380 0
2222.4380 2223.0950 0
2223.0950 2223.7520 0
2223.7520 2224.4090 0
2224.4090 2225.0660 0
2225.0660 2225.7230 0
2225.7230 2226.3799 0
2226.3799 2227.0369 0
2227.0369 2227.6939 0
2227.6939 2228.3509 0
2228.3509 2229.0079 0
2229.0079 2229.6649 0
2229.6649 2230.3218 1
2230.3218 2230.9788 0
2230.9788 2231.6358 0
2231.6358 2232.2928 0
2232.2928 2232.9498 0
2232.9498 2233.6068 0
2233.6068 2234.2637 0
2234.2637 2234.9207 0
2234.9207 2235.5777 0
2235.5777 2236.2347 0
2236.2347 2236.8917 0
2236.8917 2237.5487 0
2237.5487 2238.2057 0
2238.2057 2238.8626 0
2238.8626 2239.5196 0
2239.5196 2240.1766 0
2240.1766 2240.8336 0
2240.8336 2241.4906 0
2241.4906 2242.1476 0
2242.1476 2242.8045 0
2242.8045 2243.4615 0
2243.4615 2244.1185 0
2244.1185 2244.7755 0
2244.7755 2245.4325 0
2245.4325 2246.0895 0
2246.0895 2246.7464 0
2246.7464 2247.4034 0
2247.4034 2248.0604 0
2248.0604 2248.7174 0
2248.7174 2249.3744 0
2249.3744 2250.0314 0
2250.0314 2250.6883 0
2250.6883 2251.3453 0
2251.3453 2252.0023 0
2252.0023 2252.6593 0
2252.6593 2253.3163 0
2253.3163 2253.9733 0
2253.9733 2254.6302 0
2254.6302 2255.2872 0
2255.2872 2255.9442 0
2255.9442 2256.6012 0
2256.6012 2257.2582 0
2257.2582 2257.9152 0
2257.9152 2258.5721 0
2258.5721 2259.2291 0
2259.2291 2259.8861 0
2259.8861 2260.5431 0
2260.5431 2261.2001 0
2261.2001 2261.8571 0
2261.8571 2262.5141 0
2262.5141 2263.1710 0
2263.1710 2263.8280 0
2263.8280 2264.4850 0
2264.4850 2265.1420 0
2265.1420 2265.7990 0
2265.7990 2266.4560 0
2266.4560 2267.1129 0
2267.1129 2267.7699 0
2267.7699 2268.4269 0
2268.4269 2269.0839 0
2269.0839 2269.7409 0
2269.7409 2270.3979 0
2270.3979 2271.0548 0
2271.0548 2271.7118 0
2271.7118 2272.3688 0
2272.3688 2273.0258 0
2273.0258 2273.6828 0
2273.6828 2274.3398 0
2274.3398 2274.9967 0
2274.9967 2275.6537 0
2275.6537 2276.3107 0
2276.3107 2276.9677 0
2276.9677 2277.6247 0
2277.6247 2278.2817 0
2278.2817 2278.9386 0
2278.9386 2279.5956 0
2279.5956 2280.2526 0
2280.2526 2280.9096 0
2280.9096 2281.5666 0
2281.5666 2282.2236 0
2282.2236 2282.8805 0
2282.8805 2283.5375 0
2283.5375 2284.1945 0
2284.1945 2284.8515 0
2284.8515 2285.5085 0
2285.5085 2286.1655 0
2286.1655 2286.8225 0
2286.8225 2287.4794 0
2287.4794 2288.1364 0
2288.1364 2288.7934 0
2288.7934 2289.4504 0
2289.4504 2290.1074 0
2290.1074 2290.7644 0
2290.7644 2291.4213 0
2291.4213 2292.0783 0
2292.0783 2292.7353 0
2292.7353 2293.3923 0
2293.3923 2294.0493 0
2294.0493 2294.7063 0
2294.7063 2295.3632 0
2295.3632 2296.0202 0
2296.0202 2296.6772 0
2296.6772 2297.3342 0
2297.3342 2297.9912 0
2297.9912 2298.6482 0
2298.6482 2299.3051 0
2299.3051 2299.9621 0
2299.9621 2300.6191 0
2300.6191 2301.2761 0
2301.2761 2301.9331 0
2301.9331 2302.5901 0
2302.5901 2303.2470 0
2303.2470 2303.9040 0
2303.9040 2304.5610 0
2304.5610 2305.2180 0
2305.2180 2305.8750 0
2305.8750 2306.5320 0
2306.5320 2307.1889 0
2307.1889 2307.8459 0
2307.8459 2308.5029 0
2308.5029 2309.1599 0
2309.1599 2309.8169 0
2309.8169 2310.4739 0
2310.4739 2311.1308 0
2311.1308 2311.7878 0
2311.7878 2312.4448 0
2312.4448 2313.1018 0
2313.1018 2313.7588 0
2313.7588 2314.4158 0
2314.4158 2315.0728 0
2315.0728 2315.7297 0
2315.7297 2316.3867 0
2316.3867 2317.0437 0
2317.0437 2317.7007 0
2317.7007 2318.3577 0
2318.3577 2319.0147 0
2319.0147 2319.6716 0
2319.6716 2320.3286 0
2320.3286 2320.9856 0
2320.9856 2321.6426 0
2321.6426 2322.2996 0
2322.2996 2322.9566 0
2322.9566 2323.6135 0
2323.6135 2324.2705 0
2324.2705 2324.9275 0
2324.9275 2325.5845 0
2325.5845 2326.2415 0
2326.2415 2326.8985 0
2326.8985 2327.5554 0
2327.5554 2328.2124 0
2328.2124 2328.8694 0
2328.8694 2329.5264 0
2329.5264 2330.1834 0
2330.1834 2330.8404 0
2330.8404 2331.4973 0
2331.4973 2332.1543 0
2332.1543 2332.8113 0
2332.8113 2333.4683 0
2333.4683 2334.1253 0
2334.1253 2334.7823 0
2334.7823 2335.4392 0
2335.4392 2336.0962 0
2336.0962 2336.7532 0
2336.7532 2337.4102 0
2337.4102 2338.0672 0
2338.0672 2338.7242 0
2338.7242 2339.3812 0
2339.3812 2340.0381 0
2340.0381 2340.6951 0
2340.6951 2341.3521 0
2341.3521 2342.0091 0
2342.0091 2342.6661 0
2342.6661 2343.3231 0
2343.3231 2343.9800 0
2343.9800 2344.6370 0
2344.6370 2345.2940 0
2345.2940 2345.9510 0
2345.9510 2346.6080 0
2346.6080 2347.2650 0
2347.2650 2347.9219 0
2347.9219 2348.5789 0
2348.5789 2349.2359 0
2349.2359 2349.8929 0
2349.8929 2350.5499 0
2350.5499 2351.2069 0
2351.2069 2351.8638 0
2351.8638 2352.5208 0
2352.5208 2353.1778 0
2353.1778 2353.8348 0
2353.8348 2354.4918 0
2354.4918 2355.1488 0
2355.1488 2355.8057 0
2355.8057 2356.4627 0
2356.4627 2357.1197 0
2357.1197 2357.7767 0
2357.7767 2358.4337 0
2358.4337 2359.0907 0
2359.0907 2359.7476 0
2359.7476 2360.4046 0
2360.4046 2361.0616 0
2361.0616 2361.7186 0
2361.7186 2362.3756 0
2362.3756 2363.0326 0
2363.0326 2363.6896 0
2363.6896 2364.3465 0
2364.3465 2365.0035 0
2365.0035 2365.6605 0
2365.6605 2366.3175 0
2366.3175 2366.9745 0
2366.9745 2367.6315 0
2367.6315 2368.2884 0
2368.2884 2368.9454 0
2368.9454 2369.6024 0
2369.6024 2370.2594 0
2370.2594 2370.9164 0
2370.9164 2371.5734 0
2371.5734 2372.2303 0
2372.2303 2372.8873 0
2372.8873 2373.5443 0
2373.5443 2374.2013 0
2374.2013 2374.8583 0
2374.8583 2375.5153 0
2375.5153 2376.1722 0
2376.1722 2376.8292 0
2376.8292 2377.4862 0
2377.4862 2378.1432 0
2378.1432 2378.8002 0
2378.8002 2379.4572 0
2379.4572 2380.1141 0
2380.1141 2380.7711 0
2380.7711 2381.4281 0
2381.4281 2382.0851 0
2382.0851 2382.7421 0
2382.7421 2383.3991 0
2383.3991 2384.0560 0
2384.0560 2384.7130 0
2384.7130 2385.3700 0
2385.3700 2386.0270 0
2386.0270 2386.6840 0
2386.6840 2387.3410 0
2387.3410 2387.9980 0
2387.9980 2388.6549 0
2388.6549 2389.3119 0
2389.3119 2389.9689 0
2389.9689 2390.6259 0
2390.6259 2391.2829 0
2391.2829 2391.9399 0
2391.9399 2392.5968 0
2392.5968 2393.2538 0
2393.2538 2393.9108 0
2393.9108 2394.5678 0
2394.5678 2395.2248 0
2395.2248 2395.8818 0
2395.8818 2396.5387 0
2396.5387 2397.1957 0
2397.1957 2397.8527 0
2397.8527 2398.5097 0
2398.5097 2399.1667 0
2399.1667 2399.8237 0
2399.8237 2400.4806 0
2400.4806 2401.1376 0
2401.1376 2401.7946 0
2401.7946 2402.4516 0
2402.4516 2403.1086 0
2403.1086 2403.7656 0
2403.7656 2404.4225 0
2404.4225 2405.0795 0
2405.0795 2405.7365 0
2405.7365 2406.3935 0
2406.3935 2407.0505 0
2407.0505 2407.7075 0
2407.7075 2408.3644 0
2408.3644 2409.0214 0
2409.0214 2409.6784 0
2409.6784 2410.3354 0
2410.3354 2410.9924 0
2410.9924 2411.6494 0
2411.6494 2412.3064 0
2412.3064 2412.9633 0
2412.9633 2413.6203 0
2413.6203 2414.2773 0
2414.2773 2414.9343 0
2414.9343 2415.5913 0
2415.5913 2416.2483 0
2416.2483 2416.9052 0
2416.9052 2417.5622 0
2417.5622 2418.2192 0
2418.2192 2418.8762 0
2418.8762 2419.5332 0
2419.5332 2420.1902 0
2420.1902 2420.8471 0
2420.8471 2421.5041 0
2421.5041 2422.1611 0
2422.1611 2422.8181 0
2422.8181 2423.4751 0
2423.4751 2424.1321 0
2424.1321 2424.7890 0
2424.7890 2425.4460 0
2425.4460 2426.1030 0
2426.1030 2426.7600 0
2426.7600 2427.4170 0
2427.4170 2428.0740 0
2428.0740 2428.7309 0
2428.7309 2429.3879 0
2429.3879 2430.0449 0
2430.0449 2430.7019 0
2430.7019 2431.3589 0
2431.3589 2432.0159 0
2432.0159 2432.6728 0
2432.6728 2433.3298 0
2433.3298 2433.9868 0
2433.9868 2434.6438 0
2434.6438 2435.3008 0
2435.3008 2435.9578 0
2435.9578 2436.6147 0
2436.6147 2437.2717 0
2437.2717 2437.9287 0
2437.9287 2438.5857 0
2438.5857 2439.2427 0
2439.2427 2439.8997 0
2439.8997 2440.5567 0
2440.5567 2441.2136 0
2441.2136 2441.8706 0
2441.8706 2442.5276 0
2442.5276 2443.1846 0
2443.1846 2443.8416 0
2443.8416 2444.4986 0
2444.4986 2445.1555 0
2445.1555 2445.8125 0
2445.8125 2446.4695 0
2446.4695 2447.1265 0
2447.1265 2447.7835 0
2447.7835 2448.4405 0
2448.4405 2449.0974 0
2449.0974 2449.7544 0
2449.7544 2450.4114 0
2450.4114 2451.0684 0
2451.0684 2451.7254 0
2451.7254 2452.3824 0
2452.3824 2453.0393 0
2453.0393 2453.6963 0
2453.6963 2454.3533 0
2454.3533 2455.0103 0
2455.0103 2455.6673 0
2455.6673 2456.3243 0
2456.3243 2456.9812 0
2456.9812 2457.6382 0
2457.6382 2458.2952 0
2458.2952 2458.9522 0
2458.9522 2459.6092 0
2459.6092 2460.2662 0
2460.2662 2460.9231 0
2460.9231 2461.5801 0
2461.5801 2462.2371 0
2462.2371 2462.8941 0
2462.8941 2463.5511 0
2463.5511 2464.2081 0
2464.2081 2464.8651 0
2464.8651 2465.5220 0
2465.5220 2466.1790 0
2466.1790 2466.8360 0
2466.8360 2467.4930 0
2467.4930 2468.1500 0
2468.1500 2468.8070 0
2468.8070 2469.4639 0
2469.4639 2470.1209 0
2470.1209 2470.7779 0
2470.7779 2471.4349 0
2471.4349 2472.0919 0
2472.0919 2472.7489 0
2472.7489 2473.4058 0
2473.4058 2474.0628 0
2474.0628 2474.7198 0
2474.7198 2475.3768 0
2475.3768 2476.0338 0
2476.0338 2476.6908 0
2476.6908 2477.3477 0
2477.3477 2478.0047 0
2478.0047 2478.6617 0
2478.6617 2479.3187 0
2479.3187 2479.9757 0
2479.9757 2480.6327 0
2480.6327 2481.2896 0
2481.2896 2481.9466 0
2481.9466 2482.6036 0
2482.6036 2483.2606 0
2483.2606 2483.9176 0
2483.9176 2484.5746 0
2484.5746 2485.2315 0
2485.2315 2485.8885 0
2485.8885 2486.5455 0
2486.5455 2487.2025 0
2487.2025 2487.8595 0
2487.8595 2488.5165 0
2488.5165 2489.1735 0
2489.1735 2489.8304 0
2489.8304 2490.4874 0
2490.4874 2491.1444 0
2491.1444 2491.8014 0
2491.8014 2492.4584 0
2492.4584 2493.1154 0
2493.1154 2493.7723 0
2493.7723 2494.4293 0
2494.4293 2495.0863 0
2495.0863 2495.7433 0
2495.7433 2496.4003 0
2496.4003 2497.0573 0
2497.0573 2497.7142 0
2497.7142 2498.3712 0
2498.3712 2499.0282 0
2499.0282 2499.6852 0
2499.6852 2500.3422 0
2500.3422 2500.9992 0
2500.9992 2501.6561 0
2501.6561 2502.3131 0
2502.3131 2502.9701 0
2502.9701 2503.6271 0
2503.6271 2504.2841 0
2504.2841 2504.9411 0
2504.9411 2505.5980 0
2505.5980 2506.2550 0
2506.2550 2506.9120 0
2506.9120 2507.5690 0
2507.5690 2508.2260 0
2508.2260 2508.8830 0
2508.8830 2509.5399 0
2509.5399 2510.1969 0
2510.1969 2510.8539 0
2510.8539 2511.5109 0
2511.5109 2512.1679 0
2512.1679 2512.8249 0
2512.8249 2513.4819 0
2513.4819 2514.1388 0
2514.1388 2514.7958 0
2514.7958 2515.4528 0
2515.4528 2516.1098 0
2516.1098 2516.7668 0
2516.7668 2517.4238 0
2517.4238 2518.0807 0
2518.0807 2518.7377 0
2518.7377 2519.3947 0
2519.3947 2520.0517 0
2520.0517 2520.7087 0
2520.7087 2521.3657 0
2521.3657 2522.0226 0
2522.0226 2522.6796 0
2522.6796 2523.3366 0
2523.3366 2523.9936 0
2523.9936 2524.6506 0
2524.6506 2525.3076 0
2525.3076 2525.9645 0
2525.9645 2526.6215 0
2526.6215 2527.2785 0
2527.2785 2527.9355 0
2527.9355 2528.5925 0
2528.5925 2529.2495 0
2529.2495 2529.9064 0
2529.9064 2530.5634 0
2530.5634 2531.2204 0
2531.2204 2531.8774 0
2531.8774 2532.5344 0
2532.5344 2533.1914 0
2533.1914 2533.8483 0
2533.8483 2534.5053 0
2534.5053 2535.1623 0
2535.1623 2535.8193 0
2535.8193 2536.4763 0
2536.4763 2537.1333 0
2537.1333 2537.7903 0
2537.7903 2538.4472 0
2538.4472 2539.1042 0
2539.1042 2539.7612 0
2539.7612 2540.4182 0
2540.4182 2541.0752 0
2541.0752 2541.7322 0
2541.7322 2542.3891 0
2542.3891 2543.0461 0
2543.0461 2543.7031 0
2543.7031 2544.3601 0
2544.3601 2545.0171 0
2545.0171 2545.6741 0
2545.6741 2546.3310 0
2546.3310 2546.9880 0
2546.9880 2547.6450 0
2547.6450 2548.3020 0
2548.3020 2548.9590 0
2548.9590 2549.6160 0
2549.6160 2550.2729 0
2550.2729 2550.9299 0
2550.9299 2551.5869 0
2551.5869 2552.2439 0
2552.2439 2552.9009 0
2552.9009 2553.5579 0
2553.5579 2554.2148 0
2554.2148 2554.8718 0
2554.8718 2555.5288 0
2555.5288 2556.1858 0
2556.1858 2556.8428 0
2556.8428 2557.4998 0
2557.4998 2558.1567 0
2558.1567 2558.8137 0
2558.8137 2559.4707 0
2559.4707 2560.1277 0
2560.1277 2560.7847 0
2560.7847 2561.4417 0
2561.4417 2562.0986 0
2562.0986 2562.7556 0
2562.7556 2563.4126 0
2563.4126 2564.0696 0
2564.0696 2564.7266 0
2564.7266 2565.3836 0
2565.3836 2566.0406 0
2566.0406 2566.6975 0
2566.6975 2567.3545 0
2567.3545 2568.0115 0
2568.0115 2568.6685 0
2568.6685 2569.3255 0
2569.3255 2569.9825 0
2569.9825 2570.6394 0
2570.6394 2571.2964 0
2571.2964 2571.9534 0
2571.9534 2572.6104 0
2572.6104 2573.2674 0
2573.2674 2573.9244 0
2573.9244 2574.5813 0
2574.5813 2575.2383 0
2575.2383 2575.8953 0
2575.8953 2576.5523 0
2576.5523 2577.2093 0
2577.2093 2577.8663 0
2577.8663 2578.5232 0
2578.5232 2579.1802 0
2579.1802 2579.8372 0
2579.8372 2580.4942 0
2580.4942 2581.1512 0
2581.1512 2581.8082 0
2581.8082 2582.4651 0
2582.4651 2583.1221 0
2583.1221 2583.7791 0
2583.7791 2584.4361 0
2584.4361 2585.0931 0
2585.0931 2585.7501 0
2585.7501 2586.4070 0
2586.4070 2587.0640 0
2587.0640 2587.7210 0
2587.7210 2588.3780 0
2588.3780 2589.0350 0
2589.0350 2589.6920 0
2589.6920 2590.3490 0
2590.3490 2591.0059 0
2591.0059 2591.6629 0
2591.6629 2592.3199 0
2592.3199 2592.9769 0
2592.9769 2593.6339 0
2593.6339 2594.2909 0
2594.2909 2594.9478 0
2594.9478 2595.6048 0
2595.6048 2596.2618 0
2596.2618 2596.9188 0
2596.9188 2597.5758 0
2597.5758 2598.2328 0
2598.2328 2598.8897 0
2598.8897 2599.5467 0
2599.5467 2600.2037 0
2600.2037 2600.8607 0
2600.8607 2601.5177 0
2601.5177 2602.1747 0
2602.1747 2602.8316 0
2602.8316 2603.4886 0
2603.4886 2604.1456 0
2604.1456 2604.8026 0
2604.8026 2605.4596 0
2605.4596 2606.1166 0
2606.1166 2606.7735 0
2606.7735 2607.4305 0
2607.4305 2608.0875 0
2608.0875 2608.7445 0
2608.7445 2609.4015 0
2609.4015 2610.0585 0
2610.0585 2610.7154 0
2610.7154 2611.3724 0
2611.3724 2612.0294 0
2612.0294 2612.6864 0
2612.6864 2613.3434 0
2613.3434 2614.0004 0
2614.0004 2614.6574 0
2614.6574 2615.3143 0
2615.3143 2615.9713 0
2615.9713 2616.6283 0
2616.6283 2617.2853 0
2617.2853 2617.9423 0
2617.9423 2618.5993 0
2618.5993 2619.2562 0
2619.2562 2619.9132 0
2619.9132 2620.5702 0
2620.5702 2621.2272 0
2621.2272 2621.8842 0
2621.8842 2622.5412 0
2622.5412 2623.1981 0
2623.1981 2623.8551 0
2623.8551 2624.5121 0
2624.5121 2625.1691 0
2625.1691 2625.8261 0
2625.8261 2626.4831 0
2626.4831 2627.1400 0
2627.1400 2627.7970 0
2627.7970 2628.4540 0
2628.4540 2629.1110 0
2629.1110 2629.7680 0
2629.7680 2630.4250 0
2630.4250 2631.0819 0
2631.0819 2631.7389 0
2631.7389 2632.3959 0
2632.3959 2633.0529 0
2633.0529 2633.7099 0
2633.7099 2634.3669 0
2634.3669 2635.0238 0
2635.0238 2635.6808 0
2635.6808 2636.3378 0
2636.3378 2636.9948 0
2636.9948 2637.6518 0
2637.6518 2638.3088 0
2638.3088 2638.9658 0
2638.9658 2639.6227 0
2639.6227 2640.2797 0
2640.2797 2640.9367 0
2640.9367 2641.5937 0
2641.5937 2642.2507 0
2642.2507 2642.9077 0
2642.9077 2643.5646 0
2643.5646 2644.2216 0
2644.2216 2644.8786 0
2644.8786 2645.5356 0
2645.5356 2646.1926 0
2646.1926 2646.8496 0
2646.8496 2647.5065 0
2647.5065 2648.1635 0
2648.1635 2648.8205 0
2648.8205 2649.4775 0
2649.4775 2650.1345 0
2650.1345 2650.7915 0
2650.7915 2651.4484 0
2651.4484 2652.1054 0
2652.1054 2652.7624 0
2652.7624 2653.4194 0
2653.4194 2654.0764 0
2654.0764 2654.7334 0
2654.7334 2655.3903 0
2655.3903 2656.0473 0
2656.0473 2656.7043 0
2656.7043 2657.3613 0
2657.3613 2658.0183 0
2658.0183 2658.6753 0
2658.6753 2659.3322 0
2659.3322 2659.9892 0
2659.9892 2660.6462 0
2660.6462 2661.3032 0
2661.3032 2661.9602 0
2661.9602 2662.6172 0
2662.6172 2663.2741 0
2663.2741 2663.9311 0
2663.9311 2664.5881 0
2664.5881 2665.2451 0
2665.2451 2665.9021 0
2665.9021 2666.5591 0
2666.5591 2667.2161 0
2667.2161 2667.8730 0
2667.8730 2668.5300 0
2668.5300 2669.1870 0
2669.1870 2669.8440 0
2669.8440 2670.5010 0
2670.5010 2671.1580 0
2671.1580 2671.8149 0
2671.8149 2672.4719 0
2672.4719 2673.1289 0
2673.1289 2673.7859 0
2673.7859 2674.4429 0
2674.4429 2675.0999 0
2675.0999 2675.7568 0
2675.7568 2676.4138 0
2676.4138 2677.0708 0
2677.0708 2677.7278 0
2677.7278 2678.3848 0
2678.3848 2679.0418 0
2679.0418 2679.6987 0
2679.6987 2680.3557 0
2680.3557 2681.0127 0
2681.0127 2681.6697 0
2681.6697 2682.3267 0
2682.3267 2682.9837 0
2682.9837 2683.6406 0
2683.6406 2684.2976 0
2684.2976 2684.9546 0
2684.9546 2685.6116 0
2685.6116 2686.2686 0
2686.2686 2686.9256 0
2686.9256 2687.5825 0
2687.5825 2688.2395 0
2688.2395 2688.8965 0
2688.8965 2689.5535 0
2689.5535 2690.2105 0
2690.2105 2690.8675 1
2690.8675 2691.5245 0
2691.5245 2692.1814 0
2692.1814 2692.8384 0
2692.8384 2693.4954 0
2693.4954 2694.1524 0
2694.1524 2694.8094 0
2694.8094 2695.4664 0
2695.4664 2696.1233 0
2696.1233 2696.7803 0
2696.7803 2697.4373 0
2697.4373 2698.0943 0
2698.0943 2698.7513 0
2698.7513 2699.4083 0
2699.4083 2700.0652 0
2700.0652 2700.7222 0
2700.7222 2701.3792 0
2701.3792 2702.0362 0
2702.0362 2702.6932 0
2702.6932 2703.3502 0
2703.3502 2704.0071 0
2704.0071 2704.6641 0
2704.6641 2705.3211 0
2705.3211 2705.9781 0
2705.9781 2706.6351 0
2706.6351 2707.2921 0
2707.2921 2707.9490 0
2707.9490 2708.6060 0
2708.6060 2709.2630 0
2709.2630 2709.9200 0
2709.9200 2710.5770 0
2710.5770 2711.2340 0
2711.2340 2711.8909 0
2711.8909 2712.5479 0
2712.5479 2713.2049 0
2713.2049 2713.8619 0
2713.8619 2714.5189 0
2714.5189 2715.1759 0
2715.1759 2715.8329 0
2715.8329 2716.4898 0
2716.4898 2717.1468 0
2717.1468 2717.8038 0
2717.8038 2718.4608 0
2718.4608 2719.1178 0
2719.1178 2719.7748 0
2719.7748 2720.4317 0
2720.4317 2721.0887 0
2721.0887 2721.7457 0
2721.7457 2722.4027 0
2722.4027 2723.0597 0
2723.0597 2723.7167 0
2723.7167 2724.3736 0
2724.3736 2725.0306 0
2725.0306 2725.6876 0
2725.6876 2726.3446 0
2726.3446 2727.0016 0
2727.0016 2727.6586 0
2727.6586 2728.3155 0
2728.3155 2728.9725 0
2728.9725 2729.6295 0
2729.6295 2730.2865 0
2730.2865 2730.9435 0
2730.9435 2731.6005 0
2731.6005 2732.2574 0
2732.2574 2732.9144 0
2732.9144 2733.5714 0
2733.5714 2734.2284 0
2734.2284 2734.8854 0
2734.8854 2735.5424 0
2735.5424 2736.1993 0
2736.1993 2736.8563 0
2736.8563 2737.5133 0
2737.5133 2738.1703 0
2738.1703 2738.8273 0
2738.8273 2739.4843 0
2739.4843 2740.1413 0
2740.1413 2740.7982 0
2740.7982 2741.4552 0
2741.4552 2742.1122 0
2742.1122 2742.7692 0
2742.7692 2743.4262 0
2743.4262 2744.0832 0
2744.0832 2744.7401 0
2744.7401 2745.3971 0
2745.3971 2746.0541 0
2746.0541 2746.7111 0
2746.7111 2747.3681 0
2747.3681 2748.0251 0
2748.0251 2748.6820 0
2748.6820 2749.3390 0
2749.3390 2749.9960 0
2749.9960 2750.6530 0
2750.6530 2751.3100 0
2751.3100 2751.9670 0
2751.9670 2752.6239 0
2752.6239 2753.2809 0
2753.2809 2753.9379 0
2753.9379 2754.5949 0
2754.5949 2755.2519 0
2755.2519 2755.9089 0
2755.9089 2756.5658 0
2756.5658 2757.2228 0
2757.2228 2757.8798 0
2757.8798 2758.5368 0
2758.5368 2759.1938 0
2759.1938 2759.8508 0
2759.8508 2760.5077 0
2760.5077 2761.1647 0
2761.1647 2761.8217 0
2761.8217 2762.4787 0
2762.4787 2763.1357 0
2763.1357 2763.7927 0
2763.7927 2764.4497 0
2764.4497 2765.1066 0
2765.1066 2765.7636 0
2765.7636 2766.4206 0
2766.4206 2767.0776 0
2767.0776 2767.7346 0
2767.7346 2768.3916 0
2768.3916 2769.0485 0
2769.0485 2769.7055 0
2769.7055 2770.3625 0
2770.3625 2771.0195 0
2771.0195 2771.6765 0
2771.6765 2772.3335 0
2772.3335 2772.9904 0
2772.9904 2773.6474 0
2773.6474 2774.3044 0
2774.3044 2774.9614 0
2774.9614 2775.6184 0
2775.6184 2776.2754 0
2776.2754 2776.9323 0
2776.9323 2777.5893 0
2777.5893 2778.2463 0
2778.2463 2778.9033 0
2778.9033 2779.5603 0
2779.5603 2780.2173 0
2780.2173 2780.8742 0
2780.8742 2781.5312 0
2781.5312 2782.1882 0
2782.1882 2782.8452 0
2782.8452 2783.5022 0
2783.5022 2784.1592 0
2784.1592 2784.8161 0
2784.8161 2785.4731 0
2785.4731 2786.1301 0
2786.1301 2786.7871 0
2786.7871 2787.4441 0
2787.4441 2788.1011 0
2788.1011 2788.7580 0
2788.7580 2789.4150 0
2789.4150 2790.0720 0
2790.0720 2790.7290 0
2790.7290 2791.3860 0
2791.3860 2792.0430 0
2792.0430 2792.7000 0
2792.7000 2793.3569 0
2793.3569 2794.0139 0
2794.0139 2794.6709 0
2794.6709 2795.3279 0
2795.3279 2795.9849 0
2795.9849 2796.6419 0
2796.6419 2797.2988 0
2797.2988 2797.9558 0
2797.9558 2798.6128 0
2798.6128 2799.2698 0
2799.2698 2799.9268 0
2799.9268 2800.5838 0
2800.5838 2801.2407 0
2801.2407 2801.8977 0
2801.8977 2802.5547 0
2802.5547 2803.2117 0
2803.2117 2803.8687 0
2803.8687 2804.5257 0
2804.5257 2805.1826 0
2805.1826 2805.8396 0
2805.8396 2806.4966 0
2806.4966 2807.1536 0
2807.1536 2807.8106 0
2807.8106 2808.4676 0
2808.4676 2809.1245 0
2809.1245 2809.7815 0
2809.7815 2810.4385 0
2810.4385 2811.0955 0
2811.0955 2811.7525 0
2811.7525 2812.4095 0
2812.4095 2813.0664 0
2813.0664 2813.7234 0
2813.7234 2814.3804 0
2814.3804 2815.0374 0
2815.0374 2815.6944 0
2815.6944 2816.3514 0
2816.3514 2817.0084 0
2817.0084 2817.6653 0
2817.6653 2818.3223 0
2818.3223 2818.9793 0
2818.9793 2819.6363 0
2819.6363 2820.2933 0
2820.2933 2820.9503 0
2820.9503 2821.6072 0
2821.6072 2822.2642 0
2822.2642 2822.9212 0
2822.9212 2823.5782 0
2823.5782 2824.2352 0
2824.2352 2824.8922 0
2824.8922 2825.5491 0
2825.5491 2826.2061 0
2826.2061 2826.8631 0
2826.8631 2827.5201 0
2827.5201 2828.1771 0
2828.1771 2828.8341 0
2828.8341 2829.4910 0
2829.4910 2830.1480 0
2830.1480 2830.8050 0
2830.8050 2831.4620 0
2831.4620 2832.1190 0
2832.1190 2832.7760 0
2832.7760 2833.4329 0
2833.4329 2834.0899 0
2834.0899 2834.7469 0
2834.7469 2835.4039 0
2835.4039 2836.0609 0
2836.0609 2836.7179 0
2836.7179 2837.3748 0
2837.3748 2838.0318 0
2838.0318 2838.6888 0
2838.6888 2839.3458 0
2839.3458 2840.0028 0
2840.0028 2840.6598 0
2840.6598 2841.3168 0
2841.3168 2841.9737 0
2841.9737 2842.6307 0
2842.6307 2843.2877 0
2843.2877 2843.9447 0
2843.9447 2844.6017 0
2844.6017 2845.2587 0
2845.2587 2845.9156 0
2845.9156 2846.5726 0
2846.5726 2847.2296 0
2847.2296 2847.8866 0
2847.8866 2848.5436 0
2848.5436 2849.2006 0
2849.2006 2849.8575 0
2849.8575 2850.5145 0
2850.5145 2851.1715 0
2851.1715 2851.8285 0
2851.8285 2852.4855 0
2852.4855 2853.1425 0
2853.1425 2853.7994 0
2853.7994 2854.4564 0
2854.4564 2855.1134 0
2855.1134 2855.7704 0
2855.7704 2856.4274 0
2856.4274 2857.0844 0
2857.0844 2857.7413 0
2857.7413 2858.3983 0
2858.3983 2859.0553 0
2859.0553 2859.7123 0
2859.7123 2860.3693 0
2860.3693 2861.0263 0
2861.0263 2861.6832 0
2861.6832 2862.3402 0
2862.3402 2862.9972 0
2862.9972 2863.6542 0
2863.6542 2864.3112 0
2864.3112 2864.9682 0
2864.9682 2865.6252 0
2865.6252 2866.2821 0
2866.2821 2866.9391 0
2866.9391 2867.5961 0
2867.5961 2868.2531 0
2868.2531 2868.9101 0
2868.9101 2869.5671 0
2869.5671 2870.2240 0
2870.2240 2870.8810 0
2870.8810 2871.5380 0
2871.5380 2872.1950 0
2872.1950 2872.8520 0
2872.8520 2873.5090 0
2873.5090 2874.1659 0
2874.1659 2874.8229 0
2874.8229 2875.4799 0
2875.4799 2876.1369 0
2876.1369 2876.7939 0
2876.7939 2877.4509 0
2877.4509 2878.1078 0
2878.1078 2878.7648 0
2878.7648 2879.4218 0
2879.4218 2880.0788 0
2880.0788 2880.7358 0
2880.7358 2881.3928 0
2881.3928 2882.0497 0
2882.0497 2882.7067 0
2882.7067 2883.3637 0
2883.3637 2884.0207 0
2884.0207 2884.6777 0
2884.6777 2885.3347 0
2885.3347 2885.9916 0
2885.9916 2886.6486 0
2886.6486 2887.3056 0
2887.3056 2887.9626 0
2887.9626 2888.6196 0
2888.6196 2889.2766 0
2889.2766 2889.9336 0
2889.9336 2890.5905 0
2890.5905 2891.2475 0
2891.2475 2891.9045 0
2891.9045 2892.5615 0
2892.5615 2893.2185 0
2893.2185 2893.8755 0
2893.8755 2894.5324 0
2894.5324 2895.1894 0
2895.1894 2895.8464 0
2895.8464 2896.5034 0
2896.5034 2897.1604 0
2897.1604 2897.8174 0
2897.8174 2898.4743 0
2898.4743 2899.1313 0
2899.1313 2899.7883 0
2899.7883 2900.4453 0
2900.4453 2901.1023 0
2901.1023 2901.7593 0
2901.7593 2902.4162 0
2902.4162 2903.0732 0
2903.0732 2903.7302 0
2903.7302 2904.3872 0
2904.3872 2905.0442 0
2905.0442 2905.7012 0
2905.7012 2906.3581 0
2906.3581 2907.0151 0
2907.0151 2907.6721 0
2907.6721 2908.3291 0
2908.3291 2908.9861 0
2908.9861 2909.6431 0
2909.6431 2910.3000 0
2910.3000 2910.9570 0
2910.9570 2911.6140 0
2911.6140 2912.2710 0
2912.2710 2912.9280 0
2912.9280 2913.5850 0
2913.5850 2914.2419 0
2914.2419 2914.8989 0
2914.8989 2915.5559 0
2915.5559 2916.2129 0
2916.2129 2916.8699 0
2916.8699 2917.5269 0
2917.5269 2918.1839 0
2918.1839 2918.8408 0
2918.8408 2919.4978 0
2919.4978 2920.1548 0
2920.1548 2920.8118 0
2920.8118 2921.4688 0
2921.4688 2922.1258 0
2922.1258 2922.7827 0
2922.7827 2923.4397 0
2923.4397 2924.0967 0
2924.0967 2924.7537 0
2924.7537 2925.4107 0
2925.4107 2926.0677 0
2926.0677 2926.7246 0
2926.7246 2927.3816 0
2927.3816 2928.0386 0
2928.0386 2928.6956 0
2928.6956 2929.3526 0
2929.3526 2930.0096 0
2930.0096 2930.6665 0
2930.6665 2931.3235 0
2931.3235 2931.9805 0
2931.9805 2932.6375 0
2932.6375 2933.2945 0
2933.2945 2933.9515 0
2933.9515 2934.6084 0
2934.6084 2935.2654 0
2935.2654 2935.9224 0
2935.9224 2936.5794 0
2936.5794 2937.2364 0
2937.2364 2937.8934 0
2937.8934 2938.5503 0
2938.5503 2939.2073 0
2939.2073 2939.8643 0
2939.8643 2940.5213 0
2940.5213 2941.1783 0
2941.1783 2941.8353 0
2941.8353 2942.4923 0
2942.4923 2943.1492 0
2943.1492 2943.8062 0
2943.8062 2944.4632 0
2944.4632 2945.1202 0
2945.1202 2945.7772 0
2945.7772 2946.4342 0
2946.4342 2947.0911 0
2947.0911 2947.7481 0
2947.7481 2948.4051 0
2948.4051 2949.0621 0
2949.0621 2949.7191 0
2949.7191 2950.3761 0
2950.3761 2951.0330 0
2951.0330 2951.6900 0
2951.6900 2952.3470 0
2952.3470 2953.0040 0
2953.0040 2953.6610 0
2953.6610 2954.3180 0
2954.3180 2954.9749 0
2954.9749 2955.6319 0
2955.6319 2956.2889 0
2956.2889 2956.9459 0
2956.9459 2957.6029 0
2957.6029 2958.2599 0
2958.2599 2958.9168 0
2958.9168 2959.5738 0
2959.5738 2960.2308 0
2960.2308 2960.8878 0
2960.8878 2961.5448 0
2961.5448 2962.2018 0
2962.2018 2962.8587 0
2962.8587 2963.5157 0
2963.5157 2964.1727 0
2964.1727 2964.8297 0
2964.8297 2965.4867 0
2965.4867 2966.1437 0
2966.1437 2966.8007 0
2966.8007 2967.4576 0
2967.4576 2968.1146 0
2968.1146 2968.7716 0
2968.7716 2969.4286 0
2969.4286 2970.0856 0
2970.0856 2970.7426 0
2970.7426 2971.3995 0
2971.3995 2972.0565 0
2972.0565 2972.7135 0
2972.7135 2973.3705 0
2973.3705 2974.0275 0
2974.0275 2974.6845 0
2974.6845 2975.3414 0
2975.3414 2975.9984 0
2975.9984 2976.6554 0
2976.6554 2977.3124 0
2977.3124 2977.9694 0
2977.9694 2978.6264 0
2978.6264 2979.2833 0
2979.2833 2979.9403 0
2979.9403 2980.5973 0
2980.5973 2981.2543 0
2981.2543 2981.9113 0
2981.9113 2982.5683 0
2982.5683 2983.2252 0
2983.2252 2983.8822 0
2983.8822 2984.5392 0
2984.5392 2985.1962 0
2985.1962 2985.8532 0
2985.8532 2986.5102 0
2986.5102 2987.1671 0
2987.1671 2987.8241 0
2987.8241 2988.4811 0
2988.4811 2989.1381 0
2989.1381 2989.7951 0
2989.7951 2990.4521 0
2990.4521 2991.1091 0
2991.1091 2991.7660 0
2991.7660 2992.4230 0
2992.4230 2993.0800 0
2993.0800 2993.7370 0
2993.7370 2994.3940 0
2994.3940 2995.0510 0
2995.0510 2995.7079 0
2995.7079 2996.3649 0
2996.3649 2997.0219 0
2997.0219 2997.6789 0
2997.6789 2998.3359 0
2998.3359 2998.9929 0
2998.9929 2999.6498 0
2999.6498 3000.3068 0
3000.3068 3000.9638 0
3000.9638 3001.6208 0
3001.6208 3002.2778 0
3002.2778 3002.9348 0
3002.9348 3003.5917 0
3003.5917 3004.2487 0
3004.2487 3004.9057 0
3004.9057 3005.5627 0
3005.5627 3006.2197 0
3006.2197 3006.8767 0
3006.8767 3007.5336 0
3007.5336 3008.1906 0
3008.1906 3008.8476 0
3008.8476 3009.5046 0
3009.5046 3010.1616 0
3010.1616 3010.8186 0
3010.8186 3011.4755 0
3011.4755 3012.1325 0
3012.1325 3012.7895 0
3012.7895 3013.4465 0
3013.4465 3014.1035 0
3014.1035 3014.7605 0
3014.7605 3015.4175 0
3015.4175 3016.0744 0
3016.0744 3016.7314 0
3016.7314 3017.3884 0
3017.3884 3018.0454 0
3018.0454 3018.7024 0
3018.7024 3019.3594 0
3019.3594 3020.0163 0
3020.0163 3020.6733 0
3020.6733 3021.3303 0
3021.3303 3021.9873 0
3021.9873 3022.6443 0
3022.6443 3023.3013 0
3023.3013 3023.9582 0
3023.9582 3024.6152 0
3024.6152 3025.2722 0
3025.2722 3025.9292 0
3025.9292 3026.5862 0
3026.5862 3027.2432 0
3027.2432 3027.9001 0
3027.9001 3028.5571 0
3028.5571 3029.2141 0
3029.2141 3029.8711 0
3029.8711 3030.5281 0
3030.5281 3031.1851 0
3031.1851 3031.8420 0
3031.8420 3032.4990 0
3032.4990 3033.1560 0
3033.1560 3033.8130 0
3033.8130 3034.4700 0
3034.4700 3035.1270 0
3035.1270 3035.7839 0
3035.7839 3036.4409 0
3036.4409 3037.0979 0
3037.0979 3037.7549 0
3037.7549 3038.4119 0
3038.4119 3039.0689 0
3039.0689 3039.7258 0
3039.7258 3040.3828 0
3040.3828 3041.0398 0
3041.0398 3041.6968 0
3041.6968 3042.3538 0
3042.3538 3043.0108 0
3043.0108 3043.6678 0
3043.6678 3044.3247 0
3044.3247 3044.9817 0
3044.9817 3045.6387 0
3045.6387 3046.2957 0
3046.2957 3046.9527 0
3046.9527 3047.6097 0
3047.6097 3048.2666 0
3048.2666 3048.9236 0
3048.9236 3049.5806 0
3049.5806 3050.2376 0
3050.2376 3050.8946 0
3050.8946 3051.5516 0
3051.5516 3052.2085 0
3052.2085 3052.8655 0
3052.8655 3053.5225 0
3053.5225 3054.1795 0
3054.1795 3054.8365 0
3054.8365 3055.4935 0
3055.4935 3056.1504 0
3056.1504 3056.8074 0
3056.8074 3057.4644 0
3057.4644 3058.1214 0
3058.1214 3058.7784 0
3058.7784 3059.4354 0
3059.4354 3060.0923 0
3060.0923 3060.7493 0
3060.7493 3061.4063 0
3061.4063 3062.0633 0
3062.0633 3062.7203 0
3062.7203 3063.3773 0
3063.3773 3064.0342 0
3064.0342 3064.6912 0
3064.6912 3065.3482 0
3065.3482 3066.0052 0
3066.0052 3066.6622 0
3066.6622 3067.3192 0
3067.3192 3067.9762 0
3067.9762 3068.6331 0
3068.6331 3069.2901 0
3069.2901 3069.9471 0
3069.9471 3070.6041 0
3070.6041 3071.2611 0
3071.2611 3071.9181 0
3071.9181 3072.5750 0
3072.5750 3073.2320 0
3073.2320 3073.8890 0
3073.8890 3074.5460 0
3074.5460 3075.2030 0
3075.2030 3075.8600 0
3075.8600 3076.5169 0
3076.5169 3077.1739 0
3077.1739 3077.8309 0
3077.8309 3078.4879 0
3078.4879 3079.1449 0
3079.1449 3079.8019 0
3079.8019 3080.4588 0
3080.4588 3081.1158 0
3081.1158 3081.7728 0
3081.7728 3082.4298 0
3082.4298 3083.0868 0
3083.0868 3083.7438 0
3083.7438 3084.4007 0
3084.4007 3085.0577 0
3085.0577 3085.7147 0
3085.7147 3086.3717 0
3086.3717 3087.0287 0
3087.0287 3087.6857 0
3087.6857 3088.3426 0
3088.3426 3088.9996 0
3088.9996 3089.6566 0
3089.6566 3090.3136 0
3090.3136 3090.9706 0
3090.9706 3091.6276 0
3091.6276 3092.2846 0
3092.2846 3092.9415 0
3092.9415 3093.5985 0
3093.5985 3094.2555 0
3094.2555 3094.9125 0
3094.9125 3095.5695 0
3095.5695 3096.2265 0
3096.2265 3096.8834 0
3096.8834 3097.5404 0
3097.5404 3098.1974 0
3098.1974 3098.8544 0
3098.8544 3099.5114 0
3099.5114 3100.1684 0
3100.1684 3100.8253 0
3100.8253 3101.4823 0
3101.4823 3102.1393 0
3102.1393 3102.7963 0
3102.7963 3103.4533 0
3103.4533 3104.1103 0
3104.1103 3104.7672 0
3104.7672 3105.4242 0
3105.4242 3106.0812 0
3106.0812 3106.7382 0
3106.7382 3107.3952 0
3107.3952 3108.0522 0
3108.0522 3108.7091 0
3108.7091 3109.3661 0
3109.3661 3110.0231 0
3110.0231 3110.6801 0
3110.6801 3111.3371 0
3111.3371 3111.9941 0
3111.9941 3112.6510 0
3112.6510 3113.3080 0
3113.3080 3113.9650 0
3113.9650 3114.6220 0
3114.6220 3115.2790 0
3115.2790 3115.9360 0
3115.9360 3116.5930 0
3116.5930 3117.2499 0
3117.2499 3117.9069 0
3117.9069 3118.5639 0
3118.5639 3119.2209 0
3119.2209 3119.8779 0
3119.8779 3120.5349 0
3120.5349 3121.1918 0
3121.1918 3121.8488 0
3121.8488 3122.5058 0
3122.5058 3123.1628 0
3123.1628 3123.8198 0
3123.8198 3124.4768 0
3124.4768 3125.1337 0
3125.1337 3125.7907 0
3125.7907 3126.4477 0
3126.4477 3127.1047 0
3127.1047 3127.7617 0
3127.7617 3128.4187 0
3128.4187 3129.0756 0
3129.0756 3129.7326 0
3129.7326 3130.3896 0
3130.3896 3131.0466 0
3131.0466 3131.7036 0
3131.7036 3132.3606 0
3132.3606 3133.0175 0
3133.0175 3133.6745 0
3133.6745 3134.3315 0
3134.3315 3134.9885 0
3134.9885 3135.6455 0
3135.6455 3136.3025 0
3136.3025 3136.9594 0
3136.9594 3137.6164 0
3137.6164 3138.2734 0
3138.2734 3138.9304 0
3138.9304 3139.5874 0
3139.5874 3140.2444 0
3140.2444 3140.9014 0
3140.9014 3141.5583 0
3141.5583 3142.2153 0
3142.2153 3142.8723 0
3142.8723 3143.5293 0
3143.5293 3144.1863 0
3144.1863 3144.8433 0
3144.8433 3145.5002 0
3145.5002 3146.1572 0
3146.1572 3146.8142 0
3146.8142 3147.4712 0
3147.4712 3148.1282 0
3148.1282 3148.7852 0
3148.7852 3149.4421 0
3149.4421 3150.0991 0
3150.0991 3150.7561 0
3150.7561 3151.4131 0
3151.4131 3152.0701 0
3152.0701 3152.7271 0
3152.7271 3153.3840 0
3153.3840 3154.0410 0
3154.0410 3154.6980 0
3154.6980 3155.3550 0
3155.3550 3156.0120 0
3156.0120 3156.6690 0
3156.6690 3157.3259 0
3157.3259 3157.9829 0
3157.9829 3158.6399 0
3158.6399 3159.2969 0
3159.2969 3159.9539 0
3159.9539 3160.6109 0
3160.6109 3161.2678 0
3161.2678 3161.9248 0
3161.9248 3162.5818 0
3162.5818 3163.2388 0
3163.2388 3163.8958 0
3163.8958 3164.5528 0
3164.5528 3165.2097 0
3165.2097 3165.8667 0
3165.8667 3166.5237 0
3166.5237 3167.1807 0
3167.1807 3167.8377 0
3167.8377 3168.4947 0
3168.4947 3169.1517 0
3169.1517 3169.8086 0
3169.8086 3170.4656 0
3170.4656 3171.1226 0
3171.1226 3171.7796 0
3171.7796 3172.4366 0
3172.4366 3173.0936 0
3173.0936 3173.7505 0
3173.7505 3174.4075 0
3174.4075 3175.0645 0
3175.0645 3175.7215 0
3175.7215 3176.3785 0
3176.3785 3177.0355 0
3177.0355 3177.6924 0
3177.6924 3178.3494 0
3178.3494 3179.0064 0
3179.0064 3179.6634 0
3179.6634 3180.3204 0
3180.3204 3180.9774 0
3180.9774 3181.6343 0
3181.6343 3182.2913 0
3182.2913 3182.9483 0
3182.9483 3183.6053 0
3183.6053 3184.2623 0
3184.2623 3184.9193 0
3184.9193 3185.5762 0
3185.5762 3186.2332 0
3186.2332 3186.8902 0
3186.8902 3187.5472 0
3187.5472 3188.2042 0
3188.2042 3188.8612 0
3188.8612 3189.5181 0
3189.5181 3190.1751 0
3190.1751 3190.8321 0
3190.8321 3191.4891 0
3191.4891 3192.1461 0
3192.1461 3192.8031 0
3192.8031 3193.4601 0
3193.4601 3194.1170 0
3194.1170 3194.7740 0
3194.7740 3195.4310 0
3195.4310 3196.0880 0
3196.0880 3196.7450 0
3196.7450 3197.4020 0
3197.4020 3198.0589 0
3198.0589 3198.7159 0
3198.7159 3199.3729 0
3199.3729 3200.0299 0
3200.0299 3200.6869 0
3200.6869 3201.3439 0
3201.3439 3202.0008 0
3202.0008 3202.6578 0
3202.6578 3203.3148 0
3203.3148 3203.9718 0
3203.9718 3204.6288 0
3204.6288 3205.2858 0
3205.2858 3205.9427 0
3205.9427 3206.5997 0
3206.5997 3207.2567 0
3207.2567 3207.9137 0
3207.9137 3208.5707 0
3208.5707 3209.2277 0
3209.2277 3209.8846 0
3209.8846 3210.5416 0
3210.5416 3211.1986 0
3211.1986 3211.8556 0
3211.8556 3212.5126 0
3212.5126 3213.1696 0
3213.1696 3213.8265 0
3213.8265 3214.4835 0
3214.4835 3215.1405 0
3215.1405 3215.7975 0
3215.7975 3216.4545 0
3216.4545 3217.1115 0
3217.1115 3217.7685 0
3217.7685 3218.4254 0
3218.4254 3219.0824 0
3219.0824 3219.7394 0
3219.7394 3220.3964 0
3220.3964 3221.0534 0
3221.0534 3221.7104 0
3221.7104 3222.3673 0
3222.3673 3223.0243 0
3223.0243 3223.6813 0
3223.6813 3224.3383 0
3224.3383 3224.9953 0
3224.9953 3225.6523 0
3225.6523 3226.3092 0
3226.3092 3226.9662 0
3226.9662 3227.6232 0
3227.6232 3228.2802 0
3228.2802 3228.9372 0
3228.9372 3229.5942 0
3229.5942 3230.2511 0
3230.2511 3230.9081 0
3230.9081 3231.5651 0
3231.5651 3232.2221 0
3232.2221 3232.8791 0
3232.8791 3233.5361 0
3233.5361 3234.1930 0
3234.1930 3234.8500 0
3234.8500 3235.5070 0
3235.5070 3236.1640 0
3236.1640 3236.8210 0
3236.8210 3237.4780 0
3237.4780 3238.1349 0
3238.1349 3238.7919 0
3238.7919 3239.4489 0
3239.4489 3240.1059 0
3240.1059 3240.7629 0
3240.7629 3241.4199 0
3241.4199 3242.0769 0
3242.0769 3242.7338 0
3242.7338 3243.3908 0
3243.3908 3244.0478 0
3244.0478 3244.7048 0
3244.7048 3245.3618 0
3245.3618 3246.0188 0
3246.0188 3246.6757 0
3246.6757 3247.3327 0
3247.3327 3247.9897 0
3247.9897 3248.6467 0
3248.6467 3249.3037 0
3249.3037 3249.9607 0
3249.9607 3250.6176 0
3250.6176 3251.2746 0
3251.2746 3251.9316 0
3251.9316 3252.5886 0
3252.5886 3253.2456 0
3253.2456 3253.9026 0
3253.9026 3254.5595 0
3254.5595 3255.2165 0
3255.2165 3255.8735 0
3255.8735 3256.5305 0
3256.5305 3257.1875 0
3257.1875 3257.8445 0
3257.8445 3258.5014 0
3258.5014 3259.1584 0
3259.1584 3259.8154 0
3259.8154 3260.4724 0
3260.4724 3261.1294 0
3261.1294 3261.7864 0
3261.7864 3262.4433 0
3262.4433 3263.1003 0
3263.1003 3263.7573 0
3263.7573 3264.4143 0
3264.4143 3265.0713 0
3265.0713 3265.7283 0
3265.7283 3266.3853 0
3266.3853 3267.0422 0
3267.0422 3267.6992 0
3267.6992 3268.3562 0
3268.3562 3269.0132 0
3269.0132 3269.6702 0
3269.6702 3270.3272 0
3270.3272 3270.9841 0
3270.9841 3271.6411 0
3271.6411 3272.2981 0
3272.2981 3272.9551 0
3272.9551 3273.6121 0
3273.6121 3274.2691 0
3274.2691 3274.9260 0
3274.9260 3275.5830 0
3275.5830 3276.2400 0
3276.2400 3276.8970 0
3276.8970 3277.5540 0
3277.5540 3278.2110 0
3278.2110 3278.8679 0
3278.8679 3279.5249 0
3279.5249 3280.1819 0
3280.1819 3280.8389 0
3280.8389 3281.4959 0
3281.4959 3282.1529 0
3282.1529 3282.8098 0
3282.8098 3283.4668 0
3283.4668 3284.1238 0
3284.1238 3284.7808 0
3284.7808 3285.4378 0
3285.4378 3286.0948 0
3286.0948 3286.7517 0
3286.7517 3287.4087 0
3287.4087 3288.0657 0
3288.0657 3288.7227 0
3288.7227 3289.3797 0
3289.3797 3290.0367 0
3290.0367 3290.6936 0
3290.6936 3291.3506 0
3291.3506 3292.0076 0
3292.0076 3292.6646 0
3292.6646 3293.3216 0
3293.3216 3293.9786 0
3293.9786 3294.6356 0
3294.6356 3295.2925 0
3295.2925 3295.9495 0
3295.9495 3296.6065 0
3296.6065 3297.2635 0
3297.2635 3297.9205 0
3297.9205 3298.5775 0
3298.5775 3299.2344 0
3299.2344 3299.8914 0
3299.8914 3300.5484 0
3300.5484 3301.2054 0
3301.2054 3301.8624 0
3301.8624 3302.5194 0
3302.5194 3303.1763 0
3303.1763 3303.8333 0
3303.8333 3304.4903 0
3304.4903 3305.1473 0
3305.1473 3305.8043 0
3305.8043 3306.4613 0
3306.4613 3307.1182 0
3307.1182 3307.7752 0
3307.7752 3308.4322 0
3308.4322 3309.0892 0
3309.0892 3309.7462 0
3309.7462 3310.4032 0
3310.4032 3311.0601 0
3311.0601 3311.7171 0
3311.7171 3312.3741 0
3312.3741 3313.0311 0
3313.0311 3313.6881 0
3313.6881 3314.3451 0
3314.3451 3315.0020 0
3315.0020 3315.6590 0
3315.6590 3316.3160 0
3316.3160 3316.9730 0
3316.9730 3317.6300 0
3317.6300 3318.2870 0
3318.2870 3318.9440 0
3318.9440 3319.6009 0
3319.6009 3320.2579 0
3320.2579 3320.9149 0
3320.9149 3321.5719 0
3321.5719 3322.2289 0
3322.2289 3322.8859 0
3322.8859 3323.5428 0
3323.5428 3324.1998 0
3324.1998 3324.8568 0
3324.8568 3325.5138 0
3325.5138 3326.1708 0
3326.1708 3326.8278 0
3326.8278 3327.4847 0
3327.4847 3328.1417 0
3328.1417 3328.7987 0
3328.7987 3329.4557 0
3329.4557 3330.1127 0
3330.1127 3330.7697 0
3330.7697 3331.4266 0
3331.4266 3332.0836 0
3332.0836 3332.7406 0
3332.7406 3333.3976 0
3333.3976 3334.0546 0
3334.0546 3334.7116 0
3334.7116 3335.3685 0
3335.3685 3336.0255 0
3336.0255 3336.6825 0
3336.6825 3337.3395 0
3337.3395 3337.9965 0
3337.9965 3338.6535 0
3338.6535 3339.3104 0
3339.3104 3339.9674 0
3339.9674 3340.6244 0
3340.6244 3341.2814 0
3341.2814 3341.9384 0
3341.9384 3342.5954 0
3342.5954 3343.2524 0
3343.2524 3343.9093 0
3343.9093 3344.5663 0
3344.5663 3345.2233 0
3345.2233 3345.8803 0
3345.8803 3346.5373 0
3346.5373 3347.1943 0
3347.1943 3347.8512 0
3347.8512 3348.5082 0
3348.5082 3349.1652 0
3349.1652 3349.8222 0
3349.8222 3350.4792 0
3350.4792 3351.1362 0
3351.1362 3351.7931 0
3351.7931 3352.4501 0
3352.4501 3353.1071 0
3353.1071 3353.7641 0
3353.7641 3354.4211 0
3354.4211 3355.0781 0
3355.0781 3355.7350 0
3355.7350 3356.3920 0
3356.3920 3357.0490 0
3357.0490 3357.7060 0
3357.7060 3358.3630 0
3358.3630 3359.0200 0
3359.0200 3359.6769 0
3359.6769 3360.3339 0
3360.3339 3360.9909 0
3360.9909 3361.6479 0
3361.6479 3362.3049 0
3362.3049 3362.9619 0
3362.9619 3363.6188 0
3363.6188 3364.2758 0
3364.2758 3364.9328 0
3364.9328 3365.5898 0
3365.5898 3366.2468 0
3366.2468 3366.9038 0
3366.9038 3367.5608 0
3367.5608 3368.2177 0
3368.2177 3368.8747 0
3368.8747 3369.5317 0
3369.5317 3370.1887 0
3370.1887 3370.8457 0
3370.8457 3371.5027 0
3371.5027 3372.1596 0
3372.1596 3372.8166 0
3372.8166 3373.4736 0
3373.4736 3374.1306 0
3374.1306 3374.7876 0
3374.7876 3375.4446 0
3375.4446 3376.1015 0
3376.1015 3376.7585 0
3376.7585 3377.4155 0
3377.4155 3378.0725 0
3378.0725 3378.7295 0
3378.7295 3379.3865 0
3379.3865 3380.0434 0
3380.0434 3380.7004 0
3380.7004 3381.3574 0
3381.3574 3382.0144 0
3382.0144 3382.6714 0
3382.6714 3383.3284 0
3383.3284 3383.9853 0
3383.9853 3384.6423 0
3384.6423 3385.2993 0
3385.2993 3385.9563 0
3385.9563 3386.6133 0
3386.6133 3387.2703 1
